ISO-10303-21;
HEADER;
/* Generated by software containing ST-Developer
 * from STEP Tools, Inc. (www.steptools.com) 
 */

FILE_DESCRIPTION(
/* description */ ('',
'CAx-IF Rec.Pracs.---Representation and Presentation of Product Manufa
cturing Information (PMI)---4.0---2014-10-13'),
/* implementation_level */ '2;1');

FILE_NAME(
/* name */ 'SERVO_SG90.stp',
/* time_stamp */ '2026-06-09T16:05:25-03:00',
/* author */ ('Michilino'),
/* organization */ (''),
/* preprocessor_version */ 'ST-DEVELOPER v20.1',
/* originating_system */ 'Autodesk Inventor 2026',
/* authorisation */ '');

FILE_SCHEMA (('AP242_MANAGED_MODEL_BASED_3D_ENGINEERING_MIM_LF { 1 0 10303 442 2 1 4 }'));
ENDSEC;

DATA;
#10=CONSTRUCTIVE_GEOMETRY_REPRESENTATION_RELATIONSHIP('CGRR','None',#5279,
#11);
#11=CONSTRUCTIVE_GEOMETRY_REPRESENTATION('Supplemental geometry',(#57,#58,
#59,#60,#61,#62,#63,#64,#65,#66,#67,#68,#69,#70),#5271);
#12=MODEL_GEOMETRIC_VIEW('Isom\X\E9trica',$,#43,#37);
#13=MODEL_GEOMETRIC_VIEW('Frontal',$,#44,#38);
#14=MODEL_GEOMETRIC_VIEW('Superior',$,#45,#39);
#15=MODEL_GEOMETRIC_VIEW('Direita',$,#46,#40);
#16=MECHANICAL_DESIGN_AND_DRAUGHTING_RELATIONSHIP('[Principal]','',#35,
#36);
#17=MECHANICAL_DESIGN_AND_DRAUGHTING_RELATIONSHIP('Isom\X\E9trica','',#37,
#36);
#18=MECHANICAL_DESIGN_AND_DRAUGHTING_RELATIONSHIP('Frontal','',#38,#36);
#19=MECHANICAL_DESIGN_AND_DRAUGHTING_RELATIONSHIP('Superior','',#39,#36);
#20=MECHANICAL_DESIGN_AND_DRAUGHTING_RELATIONSHIP('Direita','',#40,#36);
#21=DEFAULT_MODEL_GEOMETRIC_VIEW('[Principal]',$,#42,#35,$,$,#5278,*);
#22=MAPPED_ITEM('',#28,#3349);
#23=MAPPED_ITEM('',#29,#3350);
#24=MAPPED_ITEM('',#30,#3351);
#25=MAPPED_ITEM('',#31,#3352);
#26=MAPPED_ITEM('',#32,#3353);
#27=MAPPED_ITEM('',#33,#3354);
#28=REPRESENTATION_MAP(#3349,#34);
#29=REPRESENTATION_MAP(#3350,#5279);
#30=REPRESENTATION_MAP(#3351,#34);
#31=REPRESENTATION_MAP(#3352,#34);
#32=REPRESENTATION_MAP(#3353,#34);
#33=REPRESENTATION_MAP(#3354,#34);
#34=ADVANCED_BREP_SHAPE_REPRESENTATION('[Principal]',(#313,#314,#315,#316,
#317),#5271);
#35=DRAUGHTING_MODEL('[Principal]',(#22,#42),#5271);
#36=DRAUGHTING_MODEL('',(#23,#3350),#5271);
#37=DRAUGHTING_MODEL('Isom\X\E9trica',(#24,#43),#5271);
#38=DRAUGHTING_MODEL('Frontal',(#25,#44),#5271);
#39=DRAUGHTING_MODEL('Superior',(#26,#45),#5271);
#40=DRAUGHTING_MODEL('Direita',(#27,#46),#5271);
#41=MECHANICAL_DESIGN_GEOMETRIC_PRESENTATION_REPRESENTATION('',(#121,#122,
#123,#124,#125,#126,#127,#128,#129,#130,#131,#132,#133,#134,#135,#136,#137,
#138,#139,#140,#141,#142,#143,#144,#145,#146,#147,#148,#149,#150,#151,#152,
#153,#154,#155,#156,#157,#158,#159,#160,#161,#162,#163,#164,#165,#166,#167,
#168,#169,#170,#171,#172,#173,#174,#175,#176,#177,#178,#179,#180,#181,#182,
#183,#184,#185,#186,#187,#188,#189,#190,#191,#192,#193,#194,#195,#196,#197,
#198,#199,#200,#201,#202,#203,#204,#205,#206,#207,#208,#209,#210,#211,#212,
#213,#214,#215,#216,#217,#218,#219,#220,#221,#222,#223,#224,#225,#226,#227,
#228,#229,#230,#231,#232,#233,#234,#235,#236,#237,#238,#239,#240,#241,#242,
#243,#244,#245,#246,#247,#248,#249,#250,#251,#252,#253,#254,#255,#256,#257,
#258,#259,#260,#261,#262,#263,#264,#265,#266,#267,#268,#269,#270,#271,#272,
#273,#274,#275,#276,#277,#278,#279,#280,#281,#282,#283,#284,#285,#286,#287,
#288,#289,#290,#291,#292,#293,#294,#295,#296,#297,#298,#299,#300,#301,#302,
#303,#304,#305,#306,#307,#308,#309,#310,#311),#5272);
#42=CAMERA_MODEL_D3('[Principal]',#3339,#47);
#43=CAMERA_MODEL_D3('Isom\X\E9trica',#3341,#48);
#44=CAMERA_MODEL_D3('Frontal',#3343,#49);
#45=CAMERA_MODEL_D3('Superior',#3345,#50);
#46=CAMERA_MODEL_D3('Direita',#3347,#51);
#47=VIEW_VOLUME(.PARALLEL.,#5250,93.9790083203608,0.,.F.,0.,.F.,.F.,#52);
#48=VIEW_VOLUME(.PARALLEL.,#5253,16.9875424688562,0.,.F.,0.,.F.,.F.,#53);
#49=VIEW_VOLUME(.PARALLEL.,#5256,117.693146607172,0.,.F.,0.,.F.,.F.,#54);
#50=VIEW_VOLUME(.PARALLEL.,#5259,117.693146607172,0.,.F.,0.,.F.,.F.,#55);
#51=VIEW_VOLUME(.PARALLEL.,#5262,117.693146607172,0.,.F.,0.,.F.,.F.,#56);
#52=PLANAR_BOX('view window',116.703443419783,57.693619585344,#3340);
#53=PLANAR_BOX('view window',27.8110236220472,20.,#3342);
#54=PLANAR_BOX('view window',27.8110236220472,20.,#3344);
#55=PLANAR_BOX('view window',27.8110236220472,20.,#3346);
#56=PLANAR_BOX('view window',27.8110236220472,20.,#3348);
#57=GEOMETRIC_CURVE_SET('Esbo\X\E7o1',(#78,#79,#80,#81));
#58=GEOMETRIC_CURVE_SET('Esbo\X\E7o2',(#82,#83,#84,#85,#86,#87,#88,#5137,
#5138,#5139));
#59=GEOMETRIC_CURVE_SET('Esbo\X\E7o3',(#89,#90,#91,#71,#92,#93,#94,#95,
#5157,#5158,#5159));
#60=GEOMETRIC_CURVE_SET('Esbo\X\E7o6',(#628,#629,#96,#5164,#5165,#5166));
#61=GEOMETRIC_CURVE_SET('Esbo\X\E7o7',(#72,#631,#5171));
#62=GEOMETRIC_CURVE_SET('Esbo\X\E7o9',(#632,#633,#5174,#5175,#5176));
#63=GEOMETRIC_CURVE_SET('Esbo\X\E7o10',(#73,#635,#5181));
#64=GEOMETRIC_CURVE_SET('Esbo\X\E7o11',(#97,#98,#99,#100,#101,#74,#102,
#103,#104,#105,#106,#75,#5208,#5209,#5210));
#65=GEOMETRIC_CURVE_SET('Esbo\X\E7o12',(#107,#108,#109,#110,#111,#76,#5224,
#5225));
#66=GEOMETRIC_CURVE_SET('Esbo\X\E7o13',(#112,#113,#114,#115,#639,#5235));
#67=GEOMETRIC_CURVE_SET('Esbo\X\E7o14',(#640,#641,#5238));
#68=GEOMETRIC_CURVE_SET('Esbo\X\E7o15',(#642,#116,#643,#5243));
#69=GEOMETRIC_CURVE_SET('Esbo\X\E7o16',(#117));
#70=GEOMETRIC_CURVE_SET('Esbo\X\E7o17',(#118));
#71=TRIMMED_CURVE('',#627,(#5147,PARAMETER_VALUE(5.35589008917797)),(#5148,
PARAMETER_VALUE(10.352073178771)),.T.,.PARAMETER.);
#72=TRIMMED_CURVE('',#630,(#5168,PARAMETER_VALUE(1.5707963267949)),(#5169,
PARAMETER_VALUE(3.14159265358979)),.T.,.PARAMETER.);
#73=TRIMMED_CURVE('',#634,(#5178,PARAMETER_VALUE(6.16610834164688)),(#5179,
PARAMETER_VALUE(6.2431826400328)),.T.,.PARAMETER.);
#74=TRIMMED_CURVE('',#636,(#5193,PARAMETER_VALUE(2.22044604925031E-15)),
(#5194,PARAMETER_VALUE(1.5707963267949)),.T.,.PARAMETER.);
#75=TRIMMED_CURVE('',#637,(#5206,PARAMETER_VALUE(3.1415926535898)),(#5207,
PARAMETER_VALUE(4.71238898038469)),.T.,.PARAMETER.);
#76=TRIMMED_CURVE('',#638,(#5222,PARAMETER_VALUE(5.35589008917797)),(#5223,
PARAMETER_VALUE(10.352073178771)),.T.,.PARAMETER.);
#77=INVISIBILITY((#218,#219,#220,#221,#222,#223,#224,#225,#226,#227,#228,
#229,#230,#231,#232,#233,#234,#235,#236,#237,#238,#239,#240,#241,#242,#243,
#244,#245,#246,#247,#248,#249,#250,#251,#252,#253,#254,#255,#256,#257,#258,
#259,#260,#261,#262,#263,#264,#265,#266,#267,#268,#269,#270,#271,#272,#273,
#274,#275,#276,#277,#278,#279,#280,#281,#282,#283,#284,#285,#286,#287,#288,
#289,#290,#291,#292,#293,#294,#295,#296,#297,#298,#299,#300,#301,#302,#303,
#304,#305,#306,#307,#308,#309,#310,#311));
#78=POLYLINE('',(#5115,#5116));
#79=POLYLINE('',(#5117,#5118));
#80=POLYLINE('',(#5119,#5120));
#81=POLYLINE('',(#5121,#5122));
#82=POLYLINE('',(#5123,#5124));
#83=POLYLINE('',(#5125,#5126));
#84=POLYLINE('',(#5127,#5128));
#85=POLYLINE('',(#5129,#5130));
#86=POLYLINE('',(#5131,#5132));
#87=POLYLINE('',(#5133,#5134));
#88=POLYLINE('',(#5135,#5136));
#89=POLYLINE('',(#5140,#5141));
#90=POLYLINE('',(#5142,#5143));
#91=POLYLINE('',(#5144,#5145));
#92=POLYLINE('',(#5149,#5150));
#93=POLYLINE('',(#5151,#5152));
#94=POLYLINE('',(#5153,#5154));
#95=POLYLINE('',(#5155,#5156));
#96=POLYLINE('',(#5162,#5163));
#97=POLYLINE('',(#5182,#5183));
#98=POLYLINE('',(#5184,#5185));
#99=POLYLINE('',(#5186,#5187));
#100=POLYLINE('',(#5188,#5189));
#101=POLYLINE('',(#5190,#5191));
#102=POLYLINE('',(#5195,#5196));
#103=POLYLINE('',(#5197,#5198));
#104=POLYLINE('',(#5199,#5200));
#105=POLYLINE('',(#5201,#5202));
#106=POLYLINE('',(#5203,#5204));
#107=POLYLINE('',(#5211,#5212));
#108=POLYLINE('',(#5213,#5214));
#109=POLYLINE('',(#5215,#5216));
#110=POLYLINE('',(#5217,#5218));
#111=POLYLINE('',(#5219,#5220));
#112=POLYLINE('',(#5226,#5227));
#113=POLYLINE('',(#5228,#5229));
#114=POLYLINE('',(#5230,#5231));
#115=POLYLINE('',(#5232,#5233));
#116=POLYLINE('',(#5240,#5241));
#117=POLYLINE('',(#5244,#5245));
#118=POLYLINE('',(#5246,#5247));
#119=FACE_BOUND('',#879,.T.);
#120=FACE_BOUND('',#921,.T.);
#121=STYLED_ITEM('',(#5288),#313);
#122=STYLED_ITEM('',(#5289),#2853);
#123=STYLED_ITEM('',(#5290),#2854);
#124=STYLED_ITEM('',(#5290),#2855);
#125=STYLED_ITEM('',(#5290),#2856);
#126=STYLED_ITEM('',(#5290),#2857);
#127=STYLED_ITEM('',(#5290),#2858);
#128=STYLED_ITEM('',(#5290),#2859);
#129=STYLED_ITEM('',(#5290),#2860);
#130=STYLED_ITEM('',(#5290),#2861);
#131=STYLED_ITEM('',(#5290),#2862);
#132=STYLED_ITEM('',(#5290),#2863);
#133=STYLED_ITEM('',(#5290),#2864);
#134=STYLED_ITEM('',(#5290),#2865);
#135=STYLED_ITEM('',(#5290),#2866);
#136=STYLED_ITEM('',(#5290),#2867);
#137=STYLED_ITEM('',(#5290),#2868);
#138=STYLED_ITEM('',(#5290),#2869);
#139=STYLED_ITEM('',(#5290),#2870);
#140=STYLED_ITEM('',(#5290),#2871);
#141=STYLED_ITEM('',(#5290),#2872);
#142=STYLED_ITEM('',(#5290),#2873);
#143=STYLED_ITEM('',(#5290),#2874);
#144=STYLED_ITEM('',(#5290),#2875);
#145=STYLED_ITEM('',(#5290),#2876);
#146=STYLED_ITEM('',(#5290),#2877);
#147=STYLED_ITEM('',(#5290),#2878);
#148=STYLED_ITEM('',(#5290),#2879);
#149=STYLED_ITEM('',(#5290),#2880);
#150=STYLED_ITEM('',(#5290),#2881);
#151=STYLED_ITEM('',(#5290),#2882);
#152=STYLED_ITEM('',(#5290),#2883);
#153=STYLED_ITEM('',(#5290),#2884);
#154=STYLED_ITEM('',(#5290),#2885);
#155=STYLED_ITEM('',(#5290),#2886);
#156=STYLED_ITEM('',(#5290),#2887);
#157=STYLED_ITEM('',(#5290),#2888);
#158=STYLED_ITEM('',(#5290),#2889);
#159=STYLED_ITEM('',(#5290),#2890);
#160=STYLED_ITEM('',(#5290),#2891);
#161=STYLED_ITEM('',(#5290),#2892);
#162=STYLED_ITEM('',(#5291),#2893);
#163=STYLED_ITEM('',(#5291),#2894);
#164=STYLED_ITEM('',(#5291),#2895);
#165=STYLED_ITEM('',(#5291),#2896);
#166=STYLED_ITEM('',(#5291),#2897);
#167=STYLED_ITEM('',(#5291),#2898);
#168=STYLED_ITEM('',(#5291),#2899);
#169=STYLED_ITEM('',(#5291),#2900);
#170=STYLED_ITEM('',(#5291),#2901);
#171=STYLED_ITEM('',(#5291),#2902);
#172=STYLED_ITEM('',(#5291),#2903);
#173=STYLED_ITEM('',(#5291),#2904);
#174=STYLED_ITEM('',(#5291),#2905);
#175=STYLED_ITEM('',(#5291),#2906);
#176=STYLED_ITEM('',(#5291),#2907);
#177=STYLED_ITEM('',(#5291),#2908);
#178=STYLED_ITEM('',(#5291),#2909);
#179=STYLED_ITEM('',(#5291),#2910);
#180=STYLED_ITEM('',(#5291),#2911);
#181=STYLED_ITEM('',(#5291),#2912);
#182=STYLED_ITEM('',(#5291),#2913);
#183=STYLED_ITEM('',(#5291),#2914);
#184=STYLED_ITEM('',(#5291),#2915);
#185=STYLED_ITEM('',(#5291),#2916);
#186=STYLED_ITEM('',(#5291),#2917);
#187=STYLED_ITEM('',(#5291),#2918);
#188=STYLED_ITEM('',(#5291),#2919);
#189=STYLED_ITEM('',(#5291),#2920);
#190=STYLED_ITEM('',(#5291),#2921);
#191=STYLED_ITEM('',(#5291),#2922);
#192=STYLED_ITEM('',(#5291),#2923);
#193=STYLED_ITEM('',(#5291),#2924);
#194=STYLED_ITEM('',(#5291),#2925);
#195=STYLED_ITEM('',(#5291),#2926);
#196=STYLED_ITEM('',(#5291),#2927);
#197=STYLED_ITEM('',(#5291),#2928);
#198=STYLED_ITEM('',(#5291),#2929);
#199=STYLED_ITEM('',(#5291),#2930);
#200=STYLED_ITEM('',(#5291),#2931);
#201=STYLED_ITEM('',(#5291),#2932);
#202=STYLED_ITEM('',(#5291),#2933);
#203=STYLED_ITEM('',(#5291),#2934);
#204=STYLED_ITEM('',(#5291),#2935);
#205=STYLED_ITEM('',(#5288),#314);
#206=STYLED_ITEM('',(#5292),#2936);
#207=STYLED_ITEM('',(#5292),#2937);
#208=STYLED_ITEM('',(#5292),#2938);
#209=STYLED_ITEM('',(#5288),#315);
#210=STYLED_ITEM('',(#5293),#2939);
#211=STYLED_ITEM('',(#5293),#2940);
#212=STYLED_ITEM('',(#5293),#2941);
#213=STYLED_ITEM('',(#5288),#316);
#214=STYLED_ITEM('',(#5294),#2942);
#215=STYLED_ITEM('',(#5294),#2943);
#216=STYLED_ITEM('',(#5294),#2944);
#217=STYLED_ITEM('',(#5288),#317);
#218=STYLED_ITEM('',(#5295),#78);
#219=STYLED_ITEM('',(#5295),#79);
#220=STYLED_ITEM('',(#5295),#80);
#221=STYLED_ITEM('',(#5295),#81);
#222=STYLED_ITEM('',(#5296),#82);
#223=STYLED_ITEM('',(#5296),#83);
#224=STYLED_ITEM('',(#5295),#84);
#225=STYLED_ITEM('',(#5295),#85);
#226=STYLED_ITEM('',(#5295),#86);
#227=STYLED_ITEM('',(#5295),#87);
#228=STYLED_ITEM('',(#5296),#88);
#229=STYLED_ITEM('',(#5297),#5137);
#230=STYLED_ITEM('',(#5298),#5138);
#231=STYLED_ITEM('',(#5299),#5139);
#232=STYLED_ITEM('',(#5296),#89);
#233=STYLED_ITEM('',(#5295),#90);
#234=STYLED_ITEM('',(#5296),#91);
#235=STYLED_ITEM('',(#5295),#71);
#236=STYLED_ITEM('',(#5295),#92);
#237=STYLED_ITEM('',(#5300),#93);
#238=STYLED_ITEM('',(#5301),#94);
#239=STYLED_ITEM('',(#5296),#95);
#240=STYLED_ITEM('',(#5302),#5157);
#241=STYLED_ITEM('',(#5303),#5158);
#242=STYLED_ITEM('',(#5304),#5159);
#243=STYLED_ITEM('',(#5295),#628);
#244=STYLED_ITEM('',(#5305),#629);
#245=STYLED_ITEM('',(#5296),#96);
#246=STYLED_ITEM('',(#5306),#5164);
#247=STYLED_ITEM('',(#5307),#5165);
#248=STYLED_ITEM('',(#5308),#5166);
#249=STYLED_ITEM('',(#5296),#72);
#250=STYLED_ITEM('',(#5295),#631);
#251=STYLED_ITEM('',(#5309),#5171);
#252=STYLED_ITEM('',(#5296),#632);
#253=STYLED_ITEM('',(#5310),#633);
#254=STYLED_ITEM('',(#5311),#5174);
#255=STYLED_ITEM('',(#5312),#5175);
#256=STYLED_ITEM('',(#5313),#5176);
#257=STYLED_ITEM('',(#5296),#73);
#258=STYLED_ITEM('',(#5295),#635);
#259=STYLED_ITEM('',(#5314),#5181);
#260=STYLED_ITEM('',(#5296),#97);
#261=STYLED_ITEM('',(#5295),#98);
#262=STYLED_ITEM('',(#5295),#99);
#263=STYLED_ITEM('',(#5295),#100);
#264=STYLED_ITEM('',(#5295),#101);
#265=STYLED_ITEM('',(#5295),#74);
#266=STYLED_ITEM('',(#5296),#102);
#267=STYLED_ITEM('',(#5295),#103);
#268=STYLED_ITEM('',(#5295),#104);
#269=STYLED_ITEM('',(#5295),#105);
#270=STYLED_ITEM('',(#5295),#106);
#271=STYLED_ITEM('',(#5295),#75);
#272=STYLED_ITEM('',(#5315),#5208);
#273=STYLED_ITEM('',(#5316),#5209);
#274=STYLED_ITEM('',(#5317),#5210);
#275=STYLED_ITEM('',(#5296),#107);
#276=STYLED_ITEM('',(#5295),#108);
#277=STYLED_ITEM('',(#5295),#109);
#278=STYLED_ITEM('',(#5295),#110);
#279=STYLED_ITEM('',(#5295),#111);
#280=STYLED_ITEM('',(#5296),#76);
#281=STYLED_ITEM('',(#5318),#5224);
#282=STYLED_ITEM('',(#5319),#5225);
#283=STYLED_ITEM('',(#5296),#112);
#284=STYLED_ITEM('',(#5295),#113);
#285=STYLED_ITEM('',(#5296),#114);
#286=STYLED_ITEM('',(#5295),#115);
#287=STYLED_ITEM('',(#5295),#639);
#288=STYLED_ITEM('',(#5320),#5235);
#289=STYLED_ITEM('',(#5321),#640);
#290=STYLED_ITEM('',(#5296),#641);
#291=STYLED_ITEM('',(#5322),#5238);
#292=STYLED_ITEM('',(#5296),#642);
#293=STYLED_ITEM('',(#5295),#116);
#294=STYLED_ITEM('',(#5295),#643);
#295=STYLED_ITEM('',(#5323),#5243);
#296=STYLED_ITEM('',(#5296),#117);
#297=STYLED_ITEM('',(#5296),#118);
#298=STYLED_ITEM('',(#5324),#57);
#299=STYLED_ITEM('',(#5325),#58);
#300=STYLED_ITEM('',(#5326),#59);
#301=STYLED_ITEM('',(#5327),#60);
#302=STYLED_ITEM('',(#5328),#61);
#303=STYLED_ITEM('',(#5329),#62);
#304=STYLED_ITEM('',(#5330),#63);
#305=STYLED_ITEM('',(#5331),#64);
#306=STYLED_ITEM('',(#5332),#65);
#307=STYLED_ITEM('',(#5333),#66);
#308=STYLED_ITEM('',(#5334),#67);
#309=STYLED_ITEM('',(#5335),#68);
#310=STYLED_ITEM('',(#5336),#69);
#311=STYLED_ITEM('',(#5337),#70);
#312=STYLED_ITEM('',(#5338),#23);
#313=MANIFOLD_SOLID_BREP('S\X\F3lido1',#2945);
#314=MANIFOLD_SOLID_BREP('S\X\F3lido3',#2946);
#315=MANIFOLD_SOLID_BREP('S\X\F3lido5',#2947);
#316=MANIFOLD_SOLID_BREP('S\X\F3lido6',#2948);
#317=MANIFOLD_SOLID_BREP('S\X\F3lido7',#2949);
#318=CYLINDRICAL_SURFACE('',#2981,1.);
#319=CYLINDRICAL_SURFACE('',#2984,1.);
#320=CYLINDRICAL_SURFACE('',#2988,1.);
#321=CYLINDRICAL_SURFACE('',#2992,1.);
#322=CYLINDRICAL_SURFACE('',#2998,1.);
#323=CYLINDRICAL_SURFACE('',#3001,1.);
#324=CYLINDRICAL_SURFACE('',#3005,1.);
#325=CYLINDRICAL_SURFACE('',#3010,1.);
#326=CYLINDRICAL_SURFACE('',#3013,1.);
#327=CYLINDRICAL_SURFACE('',#3016,1.);
#328=CYLINDRICAL_SURFACE('',#3021,2.5);
#329=CYLINDRICAL_SURFACE('',#3024,6.);
#330=CYLINDRICAL_SURFACE('',#3032,0.5);
#331=CYLINDRICAL_SURFACE('',#3039,0.5);
#332=CYLINDRICAL_SURFACE('',#3043,1.25);
#333=CYLINDRICAL_SURFACE('',#3047,0.5);
#334=CYLINDRICAL_SURFACE('',#3054,0.5);
#335=CYLINDRICAL_SURFACE('',#3060,1.25);
#336=CYLINDRICAL_SURFACE('',#3062,0.5);
#337=CYLINDRICAL_SURFACE('',#3065,0.1);
#338=CYLINDRICAL_SURFACE('',#3068,0.1);
#339=CYLINDRICAL_SURFACE('',#3071,0.1);
#340=CYLINDRICAL_SURFACE('',#3074,0.1);
#341=CYLINDRICAL_SURFACE('',#3077,0.1);
#342=CYLINDRICAL_SURFACE('',#3080,0.1);
#343=CYLINDRICAL_SURFACE('',#3083,0.1);
#344=CYLINDRICAL_SURFACE('',#3086,0.1);
#345=CYLINDRICAL_SURFACE('',#3089,0.1);
#346=CYLINDRICAL_SURFACE('',#3092,0.1);
#347=CYLINDRICAL_SURFACE('',#3095,0.1);
#348=CYLINDRICAL_SURFACE('',#3098,0.1);
#349=CYLINDRICAL_SURFACE('',#3101,0.1);
#350=CYLINDRICAL_SURFACE('',#3104,0.1);
#351=CYLINDRICAL_SURFACE('',#3107,0.1);
#352=CYLINDRICAL_SURFACE('',#3110,0.1);
#353=CYLINDRICAL_SURFACE('',#3113,0.1);
#354=CYLINDRICAL_SURFACE('',#3116,0.1);
#355=CYLINDRICAL_SURFACE('',#3119,0.1);
#356=CYLINDRICAL_SURFACE('',#3122,0.1);
#357=CYLINDRICAL_SURFACE('',#3125,0.1);
#358=CYLINDRICAL_SURFACE('',#3128,0.1);
#359=CYLINDRICAL_SURFACE('',#3131,0.1);
#360=CYLINDRICAL_SURFACE('',#3134,0.1);
#361=CYLINDRICAL_SURFACE('',#3137,0.1);
#362=CYLINDRICAL_SURFACE('',#3140,0.1);
#363=CYLINDRICAL_SURFACE('',#3143,0.1);
#364=CYLINDRICAL_SURFACE('',#3146,0.1);
#365=CYLINDRICAL_SURFACE('',#3149,0.1);
#366=CYLINDRICAL_SURFACE('',#3152,0.1);
#367=CYLINDRICAL_SURFACE('',#3155,0.1);
#368=CYLINDRICAL_SURFACE('',#3158,0.1);
#369=CYLINDRICAL_SURFACE('',#3161,0.1);
#370=CYLINDRICAL_SURFACE('',#3164,0.1);
#371=CYLINDRICAL_SURFACE('',#3167,0.1);
#372=CYLINDRICAL_SURFACE('',#3170,0.1);
#373=CYLINDRICAL_SURFACE('',#3173,0.1);
#374=CYLINDRICAL_SURFACE('',#3176,0.1);
#375=CYLINDRICAL_SURFACE('',#3179,0.1);
#376=CYLINDRICAL_SURFACE('',#3224,2.5);
#377=CYLINDRICAL_SURFACE('',#3226,2.5);
#378=CYLINDRICAL_SURFACE('',#3228,2.5);
#379=CYLINDRICAL_SURFACE('',#3230,2.5);
#380=CYLINDRICAL_SURFACE('',#3232,2.5);
#381=CYLINDRICAL_SURFACE('',#3234,2.5);
#382=CYLINDRICAL_SURFACE('',#3236,2.5);
#383=CYLINDRICAL_SURFACE('',#3238,2.5);
#384=CYLINDRICAL_SURFACE('',#3240,2.5);
#385=CYLINDRICAL_SURFACE('',#3242,2.5);
#386=CYLINDRICAL_SURFACE('',#3244,2.5);
#387=CYLINDRICAL_SURFACE('',#3246,2.5);
#388=CYLINDRICAL_SURFACE('',#3248,2.5);
#389=CYLINDRICAL_SURFACE('',#3250,2.5);
#390=CYLINDRICAL_SURFACE('',#3252,2.5);
#391=CYLINDRICAL_SURFACE('',#3254,2.5);
#392=CYLINDRICAL_SURFACE('',#3256,2.5);
#393=CYLINDRICAL_SURFACE('',#3258,2.5);
#394=CYLINDRICAL_SURFACE('',#3260,2.5);
#395=CYLINDRICAL_SURFACE('',#3262,2.5);
#396=CYLINDRICAL_SURFACE('',#3264,2.5);
#397=CYLINDRICAL_SURFACE('',#3266,2.5);
#398=CYLINDRICAL_SURFACE('',#3268,2.5);
#399=CYLINDRICAL_SURFACE('',#3270,2.5);
#400=CYLINDRICAL_SURFACE('',#3272,2.5);
#401=CYLINDRICAL_SURFACE('',#3274,2.5);
#402=CYLINDRICAL_SURFACE('',#3276,2.5);
#403=CYLINDRICAL_SURFACE('',#3278,2.5);
#404=CYLINDRICAL_SURFACE('',#3280,2.5);
#405=CYLINDRICAL_SURFACE('',#3282,2.5);
#406=CYLINDRICAL_SURFACE('',#3284,2.5);
#407=CYLINDRICAL_SURFACE('',#3286,2.5);
#408=CYLINDRICAL_SURFACE('',#3288,2.5);
#409=CYLINDRICAL_SURFACE('',#3290,2.5);
#410=CYLINDRICAL_SURFACE('',#3292,2.5);
#411=CYLINDRICAL_SURFACE('',#3294,2.5);
#412=CYLINDRICAL_SURFACE('',#3296,2.5);
#413=CYLINDRICAL_SURFACE('',#3298,2.5);
#414=CYLINDRICAL_SURFACE('',#3300,2.5);
#415=CYLINDRICAL_SURFACE('',#3302,0.1);
#416=CYLINDRICAL_SURFACE('',#3306,2.5);
#417=CYLINDRICAL_SURFACE('',#3307,0.6);
#418=CYLINDRICAL_SURFACE('',#3312,0.6);
#419=CYLINDRICAL_SURFACE('',#3317,0.6);
#420=CIRCLE('',#2977,1.);
#421=CIRCLE('',#2978,1.);
#422=CIRCLE('',#2979,1.);
#423=CIRCLE('',#2980,1.);
#424=CIRCLE('',#2982,1.);
#425=CIRCLE('',#2985,1.);
#426=CIRCLE('',#2986,1.);
#427=CIRCLE('',#2989,1.);
#428=CIRCLE('',#2990,1.);
#429=CIRCLE('',#2993,1.);
#430=CIRCLE('',#2994,1.);
#431=CIRCLE('',#2996,6.);
#432=CIRCLE('',#2999,1.);
#433=CIRCLE('',#3000,1.);
#434=CIRCLE('',#3002,1.);
#435=CIRCLE('',#3003,1.);
#436=CIRCLE('',#3006,1.);
#437=CIRCLE('',#3007,1.);
#438=CIRCLE('',#3009,1.);
#439=CIRCLE('',#3011,1.);
#440=CIRCLE('',#3017,1.);
#441=CIRCLE('',#3022,2.5);
#442=CIRCLE('',#3023,2.5);
#443=CIRCLE('',#3025,6.);
#444=CIRCLE('',#3026,6.);
#445=CIRCLE('',#3027,6.);
#446=CIRCLE('',#3028,6.);
#447=CIRCLE('',#3033,0.5);
#448=CIRCLE('',#3034,0.5);
#449=CIRCLE('',#3037,0.5);
#450=CIRCLE('',#3038,1.25);
#451=CIRCLE('',#3040,0.5);
#452=CIRCLE('',#3044,1.25);
#453=CIRCLE('',#3048,0.5);
#454=CIRCLE('',#3049,0.5);
#455=CIRCLE('',#3052,0.5);
#456=CIRCLE('',#3053,1.25);
#457=CIRCLE('',#3055,0.5);
#458=CIRCLE('',#3058,1.25);
#459=CIRCLE('',#3063,0.5);
#460=CIRCLE('',#3064,0.5);
#461=CIRCLE('',#3066,0.1);
#462=CIRCLE('',#3067,0.1);
#463=CIRCLE('',#3069,0.1);
#464=CIRCLE('',#3070,0.1);
#465=CIRCLE('',#3072,0.1);
#466=CIRCLE('',#3073,0.1);
#467=CIRCLE('',#3075,0.1);
#468=CIRCLE('',#3076,0.1);
#469=CIRCLE('',#3078,0.1);
#470=CIRCLE('',#3079,0.1);
#471=CIRCLE('',#3081,0.1);
#472=CIRCLE('',#3082,0.1);
#473=CIRCLE('',#3084,0.1);
#474=CIRCLE('',#3085,0.1);
#475=CIRCLE('',#3087,0.1);
#476=CIRCLE('',#3088,0.1);
#477=CIRCLE('',#3090,0.1);
#478=CIRCLE('',#3091,0.1);
#479=CIRCLE('',#3093,0.1);
#480=CIRCLE('',#3094,0.1);
#481=CIRCLE('',#3096,0.1);
#482=CIRCLE('',#3097,0.1);
#483=CIRCLE('',#3099,0.1);
#484=CIRCLE('',#3100,0.1);
#485=CIRCLE('',#3102,0.1);
#486=CIRCLE('',#3103,0.1);
#487=CIRCLE('',#3105,0.1);
#488=CIRCLE('',#3106,0.1);
#489=CIRCLE('',#3108,0.1);
#490=CIRCLE('',#3109,0.1);
#491=CIRCLE('',#3111,0.1);
#492=CIRCLE('',#3112,0.1);
#493=CIRCLE('',#3114,0.1);
#494=CIRCLE('',#3115,0.1);
#495=CIRCLE('',#3117,0.1);
#496=CIRCLE('',#3118,0.1);
#497=CIRCLE('',#3120,0.1);
#498=CIRCLE('',#3121,0.1);
#499=CIRCLE('',#3123,0.1);
#500=CIRCLE('',#3124,0.1);
#501=CIRCLE('',#3126,0.1);
#502=CIRCLE('',#3127,0.1);
#503=CIRCLE('',#3129,0.1);
#504=CIRCLE('',#3130,0.1);
#505=CIRCLE('',#3132,0.1);
#506=CIRCLE('',#3133,0.1);
#507=CIRCLE('',#3135,0.1);
#508=CIRCLE('',#3136,0.1);
#509=CIRCLE('',#3138,0.1);
#510=CIRCLE('',#3139,0.1);
#511=CIRCLE('',#3141,0.1);
#512=CIRCLE('',#3142,0.1);
#513=CIRCLE('',#3144,0.1);
#514=CIRCLE('',#3145,0.1);
#515=CIRCLE('',#3147,0.1);
#516=CIRCLE('',#3148,0.1);
#517=CIRCLE('',#3150,0.1);
#518=CIRCLE('',#3151,0.1);
#519=CIRCLE('',#3153,0.1);
#520=CIRCLE('',#3154,0.1);
#521=CIRCLE('',#3156,0.1);
#522=CIRCLE('',#3157,0.1);
#523=CIRCLE('',#3159,0.1);
#524=CIRCLE('',#3160,0.1);
#525=CIRCLE('',#3162,0.1);
#526=CIRCLE('',#3163,0.1);
#527=CIRCLE('',#3165,0.1);
#528=CIRCLE('',#3166,0.1);
#529=CIRCLE('',#3168,0.1);
#530=CIRCLE('',#3169,0.1);
#531=CIRCLE('',#3171,0.1);
#532=CIRCLE('',#3172,0.1);
#533=CIRCLE('',#3174,0.1);
#534=CIRCLE('',#3175,0.1);
#535=CIRCLE('',#3177,0.1);
#536=CIRCLE('',#3178,0.1);
#537=CIRCLE('',#3180,0.1);
#538=CIRCLE('',#3181,0.1);
#539=CIRCLE('',#3183,2.5);
#540=CIRCLE('',#3184,0.1);
#541=CIRCLE('',#3185,2.5);
#542=CIRCLE('',#3186,2.5);
#543=CIRCLE('',#3187,2.5);
#544=CIRCLE('',#3188,2.5);
#545=CIRCLE('',#3189,2.5);
#546=CIRCLE('',#3190,2.5);
#547=CIRCLE('',#3191,2.5);
#548=CIRCLE('',#3192,2.5);
#549=CIRCLE('',#3193,2.5);
#550=CIRCLE('',#3194,2.5);
#551=CIRCLE('',#3195,2.5);
#552=CIRCLE('',#3196,2.5);
#553=CIRCLE('',#3197,2.5);
#554=CIRCLE('',#3198,2.5);
#555=CIRCLE('',#3199,2.5);
#556=CIRCLE('',#3200,2.5);
#557=CIRCLE('',#3201,2.5);
#558=CIRCLE('',#3202,2.5);
#559=CIRCLE('',#3203,2.5);
#560=CIRCLE('',#3204,2.5);
#561=CIRCLE('',#3205,2.5);
#562=CIRCLE('',#3206,2.5);
#563=CIRCLE('',#3207,2.5);
#564=CIRCLE('',#3208,2.5);
#565=CIRCLE('',#3209,2.5);
#566=CIRCLE('',#3210,2.5);
#567=CIRCLE('',#3211,2.5);
#568=CIRCLE('',#3212,2.5);
#569=CIRCLE('',#3213,2.5);
#570=CIRCLE('',#3214,2.5);
#571=CIRCLE('',#3215,2.5);
#572=CIRCLE('',#3216,2.5);
#573=CIRCLE('',#3217,2.5);
#574=CIRCLE('',#3218,2.5);
#575=CIRCLE('',#3219,2.5);
#576=CIRCLE('',#3220,2.5);
#577=CIRCLE('',#3221,2.5);
#578=CIRCLE('',#3222,2.5);
#579=CIRCLE('',#3223,2.5);
#580=CIRCLE('',#3225,2.5);
#581=CIRCLE('',#3227,2.5);
#582=CIRCLE('',#3229,2.5);
#583=CIRCLE('',#3231,2.5);
#584=CIRCLE('',#3233,2.5);
#585=CIRCLE('',#3235,2.5);
#586=CIRCLE('',#3237,2.5);
#587=CIRCLE('',#3239,2.5);
#588=CIRCLE('',#3241,2.5);
#589=CIRCLE('',#3243,2.5);
#590=CIRCLE('',#3245,2.5);
#591=CIRCLE('',#3247,2.5);
#592=CIRCLE('',#3249,2.5);
#593=CIRCLE('',#3251,2.5);
#594=CIRCLE('',#3253,2.5);
#595=CIRCLE('',#3255,2.5);
#596=CIRCLE('',#3257,2.5);
#597=CIRCLE('',#3259,2.5);
#598=CIRCLE('',#3261,2.5);
#599=CIRCLE('',#3263,2.5);
#600=CIRCLE('',#3265,2.5);
#601=CIRCLE('',#3267,2.5);
#602=CIRCLE('',#3269,2.5);
#603=CIRCLE('',#3271,2.5);
#604=CIRCLE('',#3273,2.5);
#605=CIRCLE('',#3275,2.5);
#606=CIRCLE('',#3277,2.5);
#607=CIRCLE('',#3279,2.5);
#608=CIRCLE('',#3281,2.5);
#609=CIRCLE('',#3283,2.5);
#610=CIRCLE('',#3285,2.5);
#611=CIRCLE('',#3287,2.5);
#612=CIRCLE('',#3289,2.5);
#613=CIRCLE('',#3291,2.5);
#614=CIRCLE('',#3293,2.5);
#615=CIRCLE('',#3295,2.5);
#616=CIRCLE('',#3297,2.5);
#617=CIRCLE('',#3299,2.5);
#618=CIRCLE('',#3301,2.5);
#619=CIRCLE('',#3303,0.1);
#620=CIRCLE('',#3305,2.5);
#621=CIRCLE('',#3308,0.6);
#622=CIRCLE('',#3309,0.6);
#623=CIRCLE('',#3313,0.6);
#624=CIRCLE('',#3314,0.6);
#625=CIRCLE('',#3318,0.6);
#626=CIRCLE('',#3319,0.6);
#627=CIRCLE('',#3322,1.25);
#628=CIRCLE('',#3323,6.);
#629=CIRCLE('',#3324,2.5);
#630=CIRCLE('',#3325,6.);
#631=CIRCLE('',#3326,2.5);
#632=CIRCLE('',#3327,2.5);
#633=CIRCLE('',#3328,0.1);
#634=CIRCLE('',#3329,2.5);
#635=CIRCLE('',#3330,0.5);
#636=CIRCLE('',#3331,1.);
#637=CIRCLE('',#3332,1.);
#638=CIRCLE('',#3333,1.25);
#639=CIRCLE('',#3334,0.6);
#640=CIRCLE('',#3335,0.6);
#641=CIRCLE('',#3336,0.6);
#642=CIRCLE('',#3337,0.6);
#643=CIRCLE('',#3338,0.6);
#644=FACE_OUTER_BOUND('',#787,.T.);
#645=FACE_OUTER_BOUND('',#788,.T.);
#646=FACE_OUTER_BOUND('',#789,.T.);
#647=FACE_OUTER_BOUND('',#790,.T.);
#648=FACE_OUTER_BOUND('',#791,.T.);
#649=FACE_OUTER_BOUND('',#792,.T.);
#650=FACE_OUTER_BOUND('',#793,.T.);
#651=FACE_OUTER_BOUND('',#794,.T.);
#652=FACE_OUTER_BOUND('',#795,.T.);
#653=FACE_OUTER_BOUND('',#796,.T.);
#654=FACE_OUTER_BOUND('',#797,.T.);
#655=FACE_OUTER_BOUND('',#798,.T.);
#656=FACE_OUTER_BOUND('',#799,.T.);
#657=FACE_OUTER_BOUND('',#800,.T.);
#658=FACE_OUTER_BOUND('',#801,.T.);
#659=FACE_OUTER_BOUND('',#802,.T.);
#660=FACE_OUTER_BOUND('',#803,.T.);
#661=FACE_OUTER_BOUND('',#804,.T.);
#662=FACE_OUTER_BOUND('',#805,.T.);
#663=FACE_OUTER_BOUND('',#806,.T.);
#664=FACE_OUTER_BOUND('',#807,.T.);
#665=FACE_OUTER_BOUND('',#808,.T.);
#666=FACE_OUTER_BOUND('',#809,.T.);
#667=FACE_OUTER_BOUND('',#810,.T.);
#668=FACE_OUTER_BOUND('',#811,.T.);
#669=FACE_OUTER_BOUND('',#812,.T.);
#670=FACE_OUTER_BOUND('',#813,.T.);
#671=FACE_OUTER_BOUND('',#814,.T.);
#672=FACE_OUTER_BOUND('',#815,.T.);
#673=FACE_OUTER_BOUND('',#816,.T.);
#674=FACE_OUTER_BOUND('',#817,.T.);
#675=FACE_OUTER_BOUND('',#818,.T.);
#676=FACE_OUTER_BOUND('',#819,.T.);
#677=FACE_OUTER_BOUND('',#820,.T.);
#678=FACE_OUTER_BOUND('',#821,.T.);
#679=FACE_OUTER_BOUND('',#822,.T.);
#680=FACE_OUTER_BOUND('',#823,.T.);
#681=FACE_OUTER_BOUND('',#824,.T.);
#682=FACE_OUTER_BOUND('',#825,.T.);
#683=FACE_OUTER_BOUND('',#826,.T.);
#684=FACE_OUTER_BOUND('',#827,.T.);
#685=FACE_OUTER_BOUND('',#828,.T.);
#686=FACE_OUTER_BOUND('',#829,.T.);
#687=FACE_OUTER_BOUND('',#830,.T.);
#688=FACE_OUTER_BOUND('',#831,.T.);
#689=FACE_OUTER_BOUND('',#832,.T.);
#690=FACE_OUTER_BOUND('',#833,.T.);
#691=FACE_OUTER_BOUND('',#834,.T.);
#692=FACE_OUTER_BOUND('',#835,.T.);
#693=FACE_OUTER_BOUND('',#836,.T.);
#694=FACE_OUTER_BOUND('',#837,.T.);
#695=FACE_OUTER_BOUND('',#838,.T.);
#696=FACE_OUTER_BOUND('',#839,.T.);
#697=FACE_OUTER_BOUND('',#840,.T.);
#698=FACE_OUTER_BOUND('',#841,.T.);
#699=FACE_OUTER_BOUND('',#842,.T.);
#700=FACE_OUTER_BOUND('',#843,.T.);
#701=FACE_OUTER_BOUND('',#844,.T.);
#702=FACE_OUTER_BOUND('',#845,.T.);
#703=FACE_OUTER_BOUND('',#846,.T.);
#704=FACE_OUTER_BOUND('',#847,.T.);
#705=FACE_OUTER_BOUND('',#848,.T.);
#706=FACE_OUTER_BOUND('',#849,.T.);
#707=FACE_OUTER_BOUND('',#850,.T.);
#708=FACE_OUTER_BOUND('',#851,.T.);
#709=FACE_OUTER_BOUND('',#852,.T.);
#710=FACE_OUTER_BOUND('',#853,.T.);
#711=FACE_OUTER_BOUND('',#854,.T.);
#712=FACE_OUTER_BOUND('',#855,.T.);
#713=FACE_OUTER_BOUND('',#856,.T.);
#714=FACE_OUTER_BOUND('',#857,.T.);
#715=FACE_OUTER_BOUND('',#858,.T.);
#716=FACE_OUTER_BOUND('',#859,.T.);
#717=FACE_OUTER_BOUND('',#860,.T.);
#718=FACE_OUTER_BOUND('',#861,.T.);
#719=FACE_OUTER_BOUND('',#862,.T.);
#720=FACE_OUTER_BOUND('',#863,.T.);
#721=FACE_OUTER_BOUND('',#864,.T.);
#722=FACE_OUTER_BOUND('',#865,.T.);
#723=FACE_OUTER_BOUND('',#866,.T.);
#724=FACE_OUTER_BOUND('',#867,.T.);
#725=FACE_OUTER_BOUND('',#868,.T.);
#726=FACE_OUTER_BOUND('',#869,.T.);
#727=FACE_OUTER_BOUND('',#870,.T.);
#728=FACE_OUTER_BOUND('',#871,.T.);
#729=FACE_OUTER_BOUND('',#872,.T.);
#730=FACE_OUTER_BOUND('',#873,.T.);
#731=FACE_OUTER_BOUND('',#874,.T.);
#732=FACE_OUTER_BOUND('',#875,.T.);
#733=FACE_OUTER_BOUND('',#876,.T.);
#734=FACE_OUTER_BOUND('',#877,.T.);
#735=FACE_OUTER_BOUND('',#878,.T.);
#736=FACE_OUTER_BOUND('',#880,.T.);
#737=FACE_OUTER_BOUND('',#881,.T.);
#738=FACE_OUTER_BOUND('',#882,.T.);
#739=FACE_OUTER_BOUND('',#883,.T.);
#740=FACE_OUTER_BOUND('',#884,.T.);
#741=FACE_OUTER_BOUND('',#885,.T.);
#742=FACE_OUTER_BOUND('',#886,.T.);
#743=FACE_OUTER_BOUND('',#887,.T.);
#744=FACE_OUTER_BOUND('',#888,.T.);
#745=FACE_OUTER_BOUND('',#889,.T.);
#746=FACE_OUTER_BOUND('',#890,.T.);
#747=FACE_OUTER_BOUND('',#891,.T.);
#748=FACE_OUTER_BOUND('',#892,.T.);
#749=FACE_OUTER_BOUND('',#893,.T.);
#750=FACE_OUTER_BOUND('',#894,.T.);
#751=FACE_OUTER_BOUND('',#895,.T.);
#752=FACE_OUTER_BOUND('',#896,.T.);
#753=FACE_OUTER_BOUND('',#897,.T.);
#754=FACE_OUTER_BOUND('',#898,.T.);
#755=FACE_OUTER_BOUND('',#899,.T.);
#756=FACE_OUTER_BOUND('',#900,.T.);
#757=FACE_OUTER_BOUND('',#901,.T.);
#758=FACE_OUTER_BOUND('',#902,.T.);
#759=FACE_OUTER_BOUND('',#903,.T.);
#760=FACE_OUTER_BOUND('',#904,.T.);
#761=FACE_OUTER_BOUND('',#905,.T.);
#762=FACE_OUTER_BOUND('',#906,.T.);
#763=FACE_OUTER_BOUND('',#907,.T.);
#764=FACE_OUTER_BOUND('',#908,.T.);
#765=FACE_OUTER_BOUND('',#909,.T.);
#766=FACE_OUTER_BOUND('',#910,.T.);
#767=FACE_OUTER_BOUND('',#911,.T.);
#768=FACE_OUTER_BOUND('',#912,.T.);
#769=FACE_OUTER_BOUND('',#913,.T.);
#770=FACE_OUTER_BOUND('',#914,.T.);
#771=FACE_OUTER_BOUND('',#915,.T.);
#772=FACE_OUTER_BOUND('',#916,.T.);
#773=FACE_OUTER_BOUND('',#917,.T.);
#774=FACE_OUTER_BOUND('',#918,.T.);
#775=FACE_OUTER_BOUND('',#919,.T.);
#776=FACE_OUTER_BOUND('',#920,.T.);
#777=FACE_OUTER_BOUND('',#922,.T.);
#778=FACE_OUTER_BOUND('',#923,.T.);
#779=FACE_OUTER_BOUND('',#924,.T.);
#780=FACE_OUTER_BOUND('',#925,.T.);
#781=FACE_OUTER_BOUND('',#926,.T.);
#782=FACE_OUTER_BOUND('',#927,.T.);
#783=FACE_OUTER_BOUND('',#928,.T.);
#784=FACE_OUTER_BOUND('',#929,.T.);
#785=FACE_OUTER_BOUND('',#930,.T.);
#786=FACE_OUTER_BOUND('',#931,.T.);
#787=EDGE_LOOP('',(#1969,#1970,#1971,#1972));
#788=EDGE_LOOP('',(#1973,#1974,#1975,#1976));
#789=EDGE_LOOP('',(#1977,#1978,#1979,#1980));
#790=EDGE_LOOP('',(#1981,#1982,#1983,#1984));
#791=EDGE_LOOP('',(#1985,#1986,#1987,#1988,#1989,#1990,#1991,#1992,#1993,
#1994,#1995,#1996,#1997,#1998,#1999,#2000));
#792=EDGE_LOOP('',(#2001,#2002,#2003,#2004));
#793=EDGE_LOOP('',(#2005,#2006,#2007,#2008,#2009,#2010,#2011,#2012,#2013,
#2014,#2015,#2016,#2017,#2018,#2019));
#794=EDGE_LOOP('',(#2020,#2021,#2022,#2023));
#795=EDGE_LOOP('',(#2024,#2025,#2026,#2027,#2028));
#796=EDGE_LOOP('',(#2029,#2030,#2031,#2032));
#797=EDGE_LOOP('',(#2033,#2034,#2035,#2036,#2037,#2038,#2039,#2040,#2041,
#2042));
#798=EDGE_LOOP('',(#2043,#2044,#2045,#2046));
#799=EDGE_LOOP('',(#2047,#2048,#2049,#2050));
#800=EDGE_LOOP('',(#2051,#2052,#2053,#2054,#2055,#2056,#2057,#2058,#2059,
#2060,#2061,#2062,#2063,#2064,#2065));
#801=EDGE_LOOP('',(#2066,#2067,#2068,#2069));
#802=EDGE_LOOP('',(#2070,#2071,#2072,#2073));
#803=EDGE_LOOP('',(#2074,#2075,#2076,#2077));
#804=EDGE_LOOP('',(#2078,#2079,#2080,#2081));
#805=EDGE_LOOP('',(#2082,#2083,#2084,#2085,#2086,#2087));
#806=EDGE_LOOP('',(#2088,#2089,#2090,#2091));
#807=EDGE_LOOP('',(#2092,#2093,#2094,#2095));
#808=EDGE_LOOP('',(#2096,#2097,#2098,#2099));
#809=EDGE_LOOP('',(#2100,#2101,#2102,#2103));
#810=EDGE_LOOP('',(#2104,#2105,#2106,#2107));
#811=EDGE_LOOP('',(#2108,#2109,#2110,#2111));
#812=EDGE_LOOP('',(#2112,#2113,#2114,#2115));
#813=EDGE_LOOP('',(#2116,#2117,#2118,#2119,#2120,#2121));
#814=EDGE_LOOP('',(#2122,#2123,#2124,#2125,#2126,#2127));
#815=EDGE_LOOP('',(#2128,#2129,#2130,#2131));
#816=EDGE_LOOP('',(#2132,#2133,#2134,#2135,#2136,#2137,#2138));
#817=EDGE_LOOP('',(#2139,#2140));
#818=EDGE_LOOP('',(#2141,#2142,#2143,#2144,#2145,#2146,#2147,#2148));
#819=EDGE_LOOP('',(#2149,#2150,#2151,#2152));
#820=EDGE_LOOP('',(#2153,#2154,#2155,#2156));
#821=EDGE_LOOP('',(#2157,#2158,#2159,#2160));
#822=EDGE_LOOP('',(#2161,#2162,#2163,#2164,#2165,#2166,#2167,#2168,#2169,
#2170,#2171,#2172));
#823=EDGE_LOOP('',(#2173,#2174,#2175,#2176));
#824=EDGE_LOOP('',(#2177,#2178,#2179,#2180));
#825=EDGE_LOOP('',(#2181,#2182,#2183,#2184));
#826=EDGE_LOOP('',(#2185,#2186,#2187,#2188));
#827=EDGE_LOOP('',(#2189,#2190,#2191,#2192));
#828=EDGE_LOOP('',(#2193,#2194,#2195,#2196,#2197,#2198,#2199,#2200,#2201,
#2202,#2203,#2204));
#829=EDGE_LOOP('',(#2205,#2206,#2207,#2208));
#830=EDGE_LOOP('',(#2209,#2210,#2211,#2212));
#831=EDGE_LOOP('',(#2213,#2214,#2215,#2216,#2217,#2218,#2219,#2220,#2221,
#2222,#2223,#2224));
#832=EDGE_LOOP('',(#2225,#2226,#2227,#2228));
#833=EDGE_LOOP('',(#2229,#2230,#2231,#2232));
#834=EDGE_LOOP('',(#2233,#2234,#2235,#2236,#2237,#2238,#2239,#2240,#2241,
#2242,#2243,#2244));
#835=EDGE_LOOP('',(#2245,#2246,#2247,#2248));
#836=EDGE_LOOP('',(#2249,#2250,#2251,#2252));
#837=EDGE_LOOP('',(#2253,#2254,#2255,#2256));
#838=EDGE_LOOP('',(#2257,#2258,#2259,#2260));
#839=EDGE_LOOP('',(#2261,#2262,#2263,#2264));
#840=EDGE_LOOP('',(#2265,#2266,#2267,#2268));
#841=EDGE_LOOP('',(#2269,#2270,#2271,#2272));
#842=EDGE_LOOP('',(#2273,#2274,#2275,#2276));
#843=EDGE_LOOP('',(#2277,#2278,#2279,#2280));
#844=EDGE_LOOP('',(#2281,#2282,#2283,#2284));
#845=EDGE_LOOP('',(#2285,#2286,#2287,#2288));
#846=EDGE_LOOP('',(#2289,#2290,#2291,#2292));
#847=EDGE_LOOP('',(#2293,#2294,#2295,#2296));
#848=EDGE_LOOP('',(#2297,#2298,#2299,#2300));
#849=EDGE_LOOP('',(#2301,#2302,#2303,#2304));
#850=EDGE_LOOP('',(#2305,#2306,#2307,#2308));
#851=EDGE_LOOP('',(#2309,#2310,#2311,#2312));
#852=EDGE_LOOP('',(#2313,#2314,#2315,#2316));
#853=EDGE_LOOP('',(#2317,#2318,#2319,#2320));
#854=EDGE_LOOP('',(#2321,#2322,#2323,#2324));
#855=EDGE_LOOP('',(#2325,#2326,#2327,#2328));
#856=EDGE_LOOP('',(#2329,#2330,#2331,#2332));
#857=EDGE_LOOP('',(#2333,#2334,#2335,#2336));
#858=EDGE_LOOP('',(#2337,#2338,#2339,#2340));
#859=EDGE_LOOP('',(#2341,#2342,#2343,#2344));
#860=EDGE_LOOP('',(#2345,#2346,#2347,#2348));
#861=EDGE_LOOP('',(#2349,#2350,#2351,#2352));
#862=EDGE_LOOP('',(#2353,#2354,#2355,#2356));
#863=EDGE_LOOP('',(#2357,#2358,#2359,#2360));
#864=EDGE_LOOP('',(#2361,#2362,#2363,#2364));
#865=EDGE_LOOP('',(#2365,#2366,#2367,#2368));
#866=EDGE_LOOP('',(#2369,#2370,#2371,#2372));
#867=EDGE_LOOP('',(#2373,#2374,#2375,#2376));
#868=EDGE_LOOP('',(#2377,#2378,#2379,#2380));
#869=EDGE_LOOP('',(#2381,#2382,#2383,#2384));
#870=EDGE_LOOP('',(#2385,#2386,#2387,#2388));
#871=EDGE_LOOP('',(#2389,#2390,#2391,#2392));
#872=EDGE_LOOP('',(#2393,#2394,#2395,#2396));
#873=EDGE_LOOP('',(#2397,#2398,#2399,#2400));
#874=EDGE_LOOP('',(#2401,#2402,#2403,#2404));
#875=EDGE_LOOP('',(#2405,#2406,#2407,#2408));
#876=EDGE_LOOP('',(#2409,#2410,#2411,#2412));
#877=EDGE_LOOP('',(#2413,#2414,#2415,#2416));
#878=EDGE_LOOP('',(#2417,#2418,#2419,#2420,#2421,#2422,#2423,#2424,#2425,
#2426,#2427,#2428,#2429,#2430,#2431,#2432,#2433,#2434,#2435,#2436,#2437,
#2438,#2439,#2440,#2441,#2442,#2443,#2444,#2445,#2446,#2447,#2448,#2449,
#2450,#2451,#2452,#2453,#2454,#2455,#2456,#2457,#2458,#2459,#2460,#2461,
#2462,#2463,#2464,#2465,#2466,#2467,#2468,#2469,#2470,#2471,#2472,#2473,
#2474,#2475,#2476,#2477,#2478,#2479,#2480,#2481,#2482,#2483,#2484,#2485,
#2486,#2487,#2488,#2489,#2490,#2491,#2492,#2493,#2494,#2495,#2496));
#879=EDGE_LOOP('',(#2497));
#880=EDGE_LOOP('',(#2498,#2499,#2500,#2501));
#881=EDGE_LOOP('',(#2502,#2503,#2504,#2505));
#882=EDGE_LOOP('',(#2506,#2507,#2508,#2509));
#883=EDGE_LOOP('',(#2510,#2511,#2512,#2513));
#884=EDGE_LOOP('',(#2514,#2515,#2516,#2517));
#885=EDGE_LOOP('',(#2518,#2519,#2520,#2521));
#886=EDGE_LOOP('',(#2522,#2523,#2524,#2525));
#887=EDGE_LOOP('',(#2526,#2527,#2528,#2529));
#888=EDGE_LOOP('',(#2530,#2531,#2532,#2533));
#889=EDGE_LOOP('',(#2534,#2535,#2536,#2537));
#890=EDGE_LOOP('',(#2538,#2539,#2540,#2541));
#891=EDGE_LOOP('',(#2542,#2543,#2544,#2545));
#892=EDGE_LOOP('',(#2546,#2547,#2548,#2549));
#893=EDGE_LOOP('',(#2550,#2551,#2552,#2553));
#894=EDGE_LOOP('',(#2554,#2555,#2556,#2557));
#895=EDGE_LOOP('',(#2558,#2559,#2560,#2561));
#896=EDGE_LOOP('',(#2562,#2563,#2564,#2565));
#897=EDGE_LOOP('',(#2566,#2567,#2568,#2569));
#898=EDGE_LOOP('',(#2570,#2571,#2572,#2573));
#899=EDGE_LOOP('',(#2574,#2575,#2576,#2577));
#900=EDGE_LOOP('',(#2578,#2579,#2580,#2581));
#901=EDGE_LOOP('',(#2582,#2583,#2584,#2585));
#902=EDGE_LOOP('',(#2586,#2587,#2588,#2589));
#903=EDGE_LOOP('',(#2590,#2591,#2592,#2593));
#904=EDGE_LOOP('',(#2594,#2595,#2596,#2597));
#905=EDGE_LOOP('',(#2598,#2599,#2600,#2601));
#906=EDGE_LOOP('',(#2602,#2603,#2604,#2605));
#907=EDGE_LOOP('',(#2606,#2607,#2608,#2609));
#908=EDGE_LOOP('',(#2610,#2611,#2612,#2613));
#909=EDGE_LOOP('',(#2614,#2615,#2616,#2617));
#910=EDGE_LOOP('',(#2618,#2619,#2620,#2621));
#911=EDGE_LOOP('',(#2622,#2623,#2624,#2625));
#912=EDGE_LOOP('',(#2626,#2627,#2628,#2629));
#913=EDGE_LOOP('',(#2630,#2631,#2632,#2633));
#914=EDGE_LOOP('',(#2634,#2635,#2636,#2637));
#915=EDGE_LOOP('',(#2638,#2639,#2640,#2641));
#916=EDGE_LOOP('',(#2642,#2643,#2644,#2645));
#917=EDGE_LOOP('',(#2646,#2647,#2648,#2649));
#918=EDGE_LOOP('',(#2650,#2651,#2652,#2653));
#919=EDGE_LOOP('',(#2654,#2655,#2656,#2657));
#920=EDGE_LOOP('',(#2658,#2659,#2660,#2661,#2662,#2663,#2664,#2665,#2666,
#2667,#2668,#2669,#2670,#2671,#2672,#2673,#2674,#2675,#2676,#2677,#2678,
#2679,#2680,#2681,#2682,#2683,#2684,#2685,#2686,#2687,#2688,#2689,#2690,
#2691,#2692,#2693,#2694,#2695,#2696,#2697,#2698,#2699,#2700,#2701,#2702,
#2703,#2704,#2705,#2706,#2707,#2708,#2709,#2710,#2711,#2712,#2713,#2714,
#2715,#2716,#2717,#2718,#2719,#2720,#2721,#2722,#2723,#2724,#2725,#2726,
#2727,#2728,#2729,#2730,#2731,#2732,#2733,#2734,#2735,#2736,#2737));
#921=EDGE_LOOP('',(#2738));
#922=EDGE_LOOP('',(#2739,#2740,#2741,#2742));
#923=EDGE_LOOP('',(#2743,#2744,#2745,#2746));
#924=EDGE_LOOP('',(#2747));
#925=EDGE_LOOP('',(#2748));
#926=EDGE_LOOP('',(#2749,#2750,#2751,#2752));
#927=EDGE_LOOP('',(#2753));
#928=EDGE_LOOP('',(#2754));
#929=EDGE_LOOP('',(#2755,#2756,#2757,#2758));
#930=EDGE_LOOP('',(#2759));
#931=EDGE_LOOP('',(#2760));
#932=LINE('',#4316,#1121);
#933=LINE('',#4318,#1122);
#934=LINE('',#4320,#1123);
#935=LINE('',#4321,#1124);
#936=LINE('',#4324,#1125);
#937=LINE('',#4326,#1126);
#938=LINE('',#4327,#1127);
#939=LINE('',#4330,#1128);
#940=LINE('',#4332,#1129);
#941=LINE('',#4333,#1130);
#942=LINE('',#4335,#1131);
#943=LINE('',#4338,#1132);
#944=LINE('',#4342,#1133);
#945=LINE('',#4344,#1134);
#946=LINE('',#4348,#1135);
#947=LINE('',#4350,#1136);
#948=LINE('',#4354,#1137);
#949=LINE('',#4356,#1138);
#950=LINE('',#4360,#1139);
#951=LINE('',#4361,#1140);
#952=LINE('',#4364,#1141);
#953=LINE('',#4367,#1142);
#954=LINE('',#4370,#1143);
#955=LINE('',#4372,#1144);
#956=LINE('',#4374,#1145);
#957=LINE('',#4376,#1146);
#958=LINE('',#4378,#1147);
#959=LINE('',#4380,#1148);
#960=LINE('',#4382,#1149);
#961=LINE('',#4384,#1150);
#962=LINE('',#4386,#1151);
#963=LINE('',#4388,#1152);
#964=LINE('',#4390,#1153);
#965=LINE('',#4392,#1154);
#966=LINE('',#4393,#1155);
#967=LINE('',#4399,#1156);
#968=LINE('',#4402,#1157);
#969=LINE('',#4404,#1158);
#970=LINE('',#4406,#1159);
#971=LINE('',#4407,#1160);
#972=LINE('',#4413,#1161);
#973=LINE('',#4416,#1162);
#974=LINE('',#4419,#1163);
#975=LINE('',#4420,#1164);
#976=LINE('',#4421,#1165);
#977=LINE('',#4427,#1166);
#978=LINE('',#4430,#1167);
#979=LINE('',#4434,#1168);
#980=LINE('',#4435,#1169);
#981=LINE('',#4437,#1170);
#982=LINE('',#4439,#1171);
#983=LINE('',#4441,#1172);
#984=LINE('',#4443,#1173);
#985=LINE('',#4445,#1174);
#986=LINE('',#4446,#1175);
#987=LINE('',#4448,#1176);
#988=LINE('',#4450,#1177);
#989=LINE('',#4451,#1178);
#990=LINE('',#4456,#1179);
#991=LINE('',#4463,#1180);
#992=LINE('',#4465,#1181);
#993=LINE('',#4466,#1182);
#994=LINE('',#4472,#1183);
#995=LINE('',#4475,#1184);
#996=LINE('',#4477,#1185);
#997=LINE('',#4480,#1186);
#998=LINE('',#4483,#1187);
#999=LINE('',#4486,#1188);
#1000=LINE('',#4487,#1189);
#1001=LINE('',#4489,#1190);
#1002=LINE('',#4493,#1191);
#1003=LINE('',#4494,#1192);
#1004=LINE('',#4497,#1193);
#1005=LINE('',#4500,#1194);
#1006=LINE('',#4503,#1195);
#1007=LINE('',#4509,#1196);
#1008=LINE('',#4512,#1197);
#1009=LINE('',#4526,#1198);
#1010=LINE('',#4529,#1199);
#1011=LINE('',#4531,#1200);
#1012=LINE('',#4532,#1201);
#1013=LINE('',#4537,#1202);
#1014=LINE('',#4539,#1203);
#1015=LINE('',#4542,#1204);
#1016=LINE('',#4546,#1205);
#1017=LINE('',#4549,#1206);
#1018=LINE('',#4550,#1207);
#1019=LINE('',#4553,#1208);
#1020=LINE('',#4554,#1209);
#1021=LINE('',#4558,#1210);
#1022=LINE('',#4560,#1211);
#1023=LINE('',#4566,#1212);
#1024=LINE('',#4570,#1213);
#1025=LINE('',#4572,#1214);
#1026=LINE('',#4573,#1215);
#1027=LINE('',#4578,#1216);
#1028=LINE('',#4580,#1217);
#1029=LINE('',#4583,#1218);
#1030=LINE('',#4587,#1219);
#1031=LINE('',#4590,#1220);
#1032=LINE('',#4591,#1221);
#1033=LINE('',#4594,#1222);
#1034=LINE('',#4597,#1223);
#1035=LINE('',#4599,#1224);
#1036=LINE('',#4601,#1225);
#1037=LINE('',#4607,#1226);
#1038=LINE('',#4614,#1227);
#1039=LINE('',#4617,#1228);
#1040=LINE('',#4623,#1229);
#1041=LINE('',#4626,#1230);
#1042=LINE('',#4632,#1231);
#1043=LINE('',#4635,#1232);
#1044=LINE('',#4641,#1233);
#1045=LINE('',#4644,#1234);
#1046=LINE('',#4650,#1235);
#1047=LINE('',#4653,#1236);
#1048=LINE('',#4659,#1237);
#1049=LINE('',#4662,#1238);
#1050=LINE('',#4668,#1239);
#1051=LINE('',#4671,#1240);
#1052=LINE('',#4677,#1241);
#1053=LINE('',#4680,#1242);
#1054=LINE('',#4686,#1243);
#1055=LINE('',#4689,#1244);
#1056=LINE('',#4695,#1245);
#1057=LINE('',#4698,#1246);
#1058=LINE('',#4704,#1247);
#1059=LINE('',#4707,#1248);
#1060=LINE('',#4713,#1249);
#1061=LINE('',#4716,#1250);
#1062=LINE('',#4722,#1251);
#1063=LINE('',#4725,#1252);
#1064=LINE('',#4731,#1253);
#1065=LINE('',#4734,#1254);
#1066=LINE('',#4740,#1255);
#1067=LINE('',#4743,#1256);
#1068=LINE('',#4749,#1257);
#1069=LINE('',#4752,#1258);
#1070=LINE('',#4758,#1259);
#1071=LINE('',#4761,#1260);
#1072=LINE('',#4767,#1261);
#1073=LINE('',#4770,#1262);
#1074=LINE('',#4776,#1263);
#1075=LINE('',#4779,#1264);
#1076=LINE('',#4785,#1265);
#1077=LINE('',#4788,#1266);
#1078=LINE('',#4794,#1267);
#1079=LINE('',#4797,#1268);
#1080=LINE('',#4803,#1269);
#1081=LINE('',#4806,#1270);
#1082=LINE('',#4812,#1271);
#1083=LINE('',#4815,#1272);
#1084=LINE('',#4821,#1273);
#1085=LINE('',#4824,#1274);
#1086=LINE('',#4830,#1275);
#1087=LINE('',#4833,#1276);
#1088=LINE('',#4839,#1277);
#1089=LINE('',#4842,#1278);
#1090=LINE('',#4848,#1279);
#1091=LINE('',#4851,#1280);
#1092=LINE('',#4857,#1281);
#1093=LINE('',#4860,#1282);
#1094=LINE('',#4866,#1283);
#1095=LINE('',#4869,#1284);
#1096=LINE('',#4875,#1285);
#1097=LINE('',#4878,#1286);
#1098=LINE('',#4884,#1287);
#1099=LINE('',#4887,#1288);
#1100=LINE('',#4893,#1289);
#1101=LINE('',#4896,#1290);
#1102=LINE('',#4902,#1291);
#1103=LINE('',#4905,#1292);
#1104=LINE('',#4911,#1293);
#1105=LINE('',#4914,#1294);
#1106=LINE('',#4920,#1295);
#1107=LINE('',#4923,#1296);
#1108=LINE('',#4929,#1297);
#1109=LINE('',#4932,#1298);
#1110=LINE('',#4938,#1299);
#1111=LINE('',#4941,#1300);
#1112=LINE('',#4947,#1301);
#1113=LINE('',#4950,#1302);
#1114=LINE('',#4956,#1303);
#1115=LINE('',#4959,#1304);
#1116=LINE('',#5007,#1305);
#1117=LINE('',#5010,#1306);
#1118=LINE('',#5095,#1307);
#1119=LINE('',#5103,#1308);
#1120=LINE('',#5111,#1309);
#1121=VECTOR('',#3359,10.);
#1122=VECTOR('',#3360,10.);
#1123=VECTOR('',#3361,10.);
#1124=VECTOR('',#3362,10.);
#1125=VECTOR('',#3365,10.);
#1126=VECTOR('',#3366,10.);
#1127=VECTOR('',#3367,10.);
#1128=VECTOR('',#3370,10.);
#1129=VECTOR('',#3371,10.);
#1130=VECTOR('',#3372,10.);
#1131=VECTOR('',#3375,10.);
#1132=VECTOR('',#3378,10.);
#1133=VECTOR('',#3381,10.);
#1134=VECTOR('',#3382,10.);
#1135=VECTOR('',#3385,10.);
#1136=VECTOR('',#3386,10.);
#1137=VECTOR('',#3389,10.);
#1138=VECTOR('',#3390,10.);
#1139=VECTOR('',#3393,10.);
#1140=VECTOR('',#3394,10.);
#1141=VECTOR('',#3397,10.);
#1142=VECTOR('',#3400,10.);
#1143=VECTOR('',#3403,10.);
#1144=VECTOR('',#3404,10.);
#1145=VECTOR('',#3405,10.);
#1146=VECTOR('',#3406,10.);
#1147=VECTOR('',#3407,10.);
#1148=VECTOR('',#3408,10.);
#1149=VECTOR('',#3409,10.);
#1150=VECTOR('',#3410,10.);
#1151=VECTOR('',#3411,10.);
#1152=VECTOR('',#3412,10.);
#1153=VECTOR('',#3413,10.);
#1154=VECTOR('',#3414,10.);
#1155=VECTOR('',#3415,10.);
#1156=VECTOR('',#3422,10.);
#1157=VECTOR('',#3425,10.);
#1158=VECTOR('',#3426,10.);
#1159=VECTOR('',#3427,10.);
#1160=VECTOR('',#3428,10.);
#1161=VECTOR('',#3433,10.);
#1162=VECTOR('',#3436,10.);
#1163=VECTOR('',#3439,10.);
#1164=VECTOR('',#3440,10.);
#1165=VECTOR('',#3441,10.);
#1166=VECTOR('',#3448,10.);
#1167=VECTOR('',#3451,10.);
#1168=VECTOR('',#3456,10.);
#1169=VECTOR('',#3457,10.);
#1170=VECTOR('',#3458,10.);
#1171=VECTOR('',#3459,10.);
#1172=VECTOR('',#3460,10.);
#1173=VECTOR('',#3461,10.);
#1174=VECTOR('',#3462,10.);
#1175=VECTOR('',#3463,10.);
#1176=VECTOR('',#3464,10.);
#1177=VECTOR('',#3465,10.);
#1178=VECTOR('',#3466,10.);
#1179=VECTOR('',#3471,10.);
#1180=VECTOR('',#3480,10.);
#1181=VECTOR('',#3483,10.);
#1182=VECTOR('',#3484,10.);
#1183=VECTOR('',#3491,10.);
#1184=VECTOR('',#3494,10.);
#1185=VECTOR('',#3495,10.);
#1186=VECTOR('',#3498,10.);
#1187=VECTOR('',#3501,10.);
#1188=VECTOR('',#3506,10.);
#1189=VECTOR('',#3507,10.);
#1190=VECTOR('',#3510,10.);
#1191=VECTOR('',#3515,10.);
#1192=VECTOR('',#3516,10.);
#1193=VECTOR('',#3519,10.);
#1194=VECTOR('',#3524,10.);
#1195=VECTOR('',#3529,10.);
#1196=VECTOR('',#3534,10.);
#1197=VECTOR('',#3537,10.);
#1198=VECTOR('',#3560,10.);
#1199=VECTOR('',#3563,10.);
#1200=VECTOR('',#3564,10.);
#1201=VECTOR('',#3565,10.);
#1202=VECTOR('',#3570,10.);
#1203=VECTOR('',#3571,10.);
#1204=VECTOR('',#3574,10.);
#1205=VECTOR('',#3579,10.);
#1206=VECTOR('',#3582,10.);
#1207=VECTOR('',#3583,10.);
#1208=VECTOR('',#3586,10.);
#1209=VECTOR('',#3587,10.);
#1210=VECTOR('',#3592,10.);
#1211=VECTOR('',#3595,10.);
#1212=VECTOR('',#3602,10.);
#1213=VECTOR('',#3607,10.);
#1214=VECTOR('',#3608,10.);
#1215=VECTOR('',#3609,10.);
#1216=VECTOR('',#3614,10.);
#1217=VECTOR('',#3615,10.);
#1218=VECTOR('',#3618,10.);
#1219=VECTOR('',#3623,10.);
#1220=VECTOR('',#3626,10.);
#1221=VECTOR('',#3627,10.);
#1222=VECTOR('',#3630,10.);
#1223=VECTOR('',#3633,10.);
#1224=VECTOR('',#3636,10.);
#1225=VECTOR('',#3639,10.);
#1226=VECTOR('',#3646,0.5);
#1227=VECTOR('',#3653,10.);
#1228=VECTOR('',#3656,10.);
#1229=VECTOR('',#3661,10.);
#1230=VECTOR('',#3664,10.);
#1231=VECTOR('',#3669,10.);
#1232=VECTOR('',#3672,10.);
#1233=VECTOR('',#3677,10.);
#1234=VECTOR('',#3680,10.);
#1235=VECTOR('',#3685,10.);
#1236=VECTOR('',#3688,10.);
#1237=VECTOR('',#3693,10.);
#1238=VECTOR('',#3696,10.);
#1239=VECTOR('',#3701,10.);
#1240=VECTOR('',#3704,10.);
#1241=VECTOR('',#3709,10.);
#1242=VECTOR('',#3712,10.);
#1243=VECTOR('',#3717,10.);
#1244=VECTOR('',#3720,10.);
#1245=VECTOR('',#3725,10.);
#1246=VECTOR('',#3728,10.);
#1247=VECTOR('',#3733,10.);
#1248=VECTOR('',#3736,10.);
#1249=VECTOR('',#3741,10.);
#1250=VECTOR('',#3744,10.);
#1251=VECTOR('',#3749,10.);
#1252=VECTOR('',#3752,10.);
#1253=VECTOR('',#3757,10.);
#1254=VECTOR('',#3760,10.);
#1255=VECTOR('',#3765,10.);
#1256=VECTOR('',#3768,10.);
#1257=VECTOR('',#3773,10.);
#1258=VECTOR('',#3776,10.);
#1259=VECTOR('',#3781,10.);
#1260=VECTOR('',#3784,10.);
#1261=VECTOR('',#3789,10.);
#1262=VECTOR('',#3792,10.);
#1263=VECTOR('',#3797,10.);
#1264=VECTOR('',#3800,10.);
#1265=VECTOR('',#3805,10.);
#1266=VECTOR('',#3808,10.);
#1267=VECTOR('',#3813,10.);
#1268=VECTOR('',#3816,10.);
#1269=VECTOR('',#3821,10.);
#1270=VECTOR('',#3824,10.);
#1271=VECTOR('',#3829,10.);
#1272=VECTOR('',#3832,10.);
#1273=VECTOR('',#3837,10.);
#1274=VECTOR('',#3840,10.);
#1275=VECTOR('',#3845,10.);
#1276=VECTOR('',#3848,10.);
#1277=VECTOR('',#3853,10.);
#1278=VECTOR('',#3856,10.);
#1279=VECTOR('',#3861,10.);
#1280=VECTOR('',#3864,10.);
#1281=VECTOR('',#3869,10.);
#1282=VECTOR('',#3872,10.);
#1283=VECTOR('',#3877,10.);
#1284=VECTOR('',#3880,10.);
#1285=VECTOR('',#3885,10.);
#1286=VECTOR('',#3888,10.);
#1287=VECTOR('',#3893,10.);
#1288=VECTOR('',#3896,10.);
#1289=VECTOR('',#3901,10.);
#1290=VECTOR('',#3904,10.);
#1291=VECTOR('',#3909,10.);
#1292=VECTOR('',#3912,10.);
#1293=VECTOR('',#3917,10.);
#1294=VECTOR('',#3920,10.);
#1295=VECTOR('',#3925,10.);
#1296=VECTOR('',#3928,10.);
#1297=VECTOR('',#3933,10.);
#1298=VECTOR('',#3936,10.);
#1299=VECTOR('',#3941,10.);
#1300=VECTOR('',#3944,10.);
#1301=VECTOR('',#3949,10.);
#1302=VECTOR('',#3952,10.);
#1303=VECTOR('',#3957,10.);
#1304=VECTOR('',#3960,10.);
#1305=VECTOR('',#4049,10.);
#1306=VECTOR('',#4052,10.);
#1307=VECTOR('',#4217,0.6);
#1308=VECTOR('',#4228,0.6);
#1309=VECTOR('',#4239,0.6);
#1310=VERTEX_POINT('',#4314);
#1311=VERTEX_POINT('',#4315);
#1312=VERTEX_POINT('',#4317);
#1313=VERTEX_POINT('',#4319);
#1314=VERTEX_POINT('',#4323);
#1315=VERTEX_POINT('',#4325);
#1316=VERTEX_POINT('',#4329);
#1317=VERTEX_POINT('',#4331);
#1318=VERTEX_POINT('',#4337);
#1319=VERTEX_POINT('',#4339);
#1320=VERTEX_POINT('',#4341);
#1321=VERTEX_POINT('',#4343);
#1322=VERTEX_POINT('',#4345);
#1323=VERTEX_POINT('',#4347);
#1324=VERTEX_POINT('',#4349);
#1325=VERTEX_POINT('',#4351);
#1326=VERTEX_POINT('',#4353);
#1327=VERTEX_POINT('',#4355);
#1328=VERTEX_POINT('',#4357);
#1329=VERTEX_POINT('',#4359);
#1330=VERTEX_POINT('',#4363);
#1331=VERTEX_POINT('',#4365);
#1332=VERTEX_POINT('',#4369);
#1333=VERTEX_POINT('',#4371);
#1334=VERTEX_POINT('',#4373);
#1335=VERTEX_POINT('',#4375);
#1336=VERTEX_POINT('',#4377);
#1337=VERTEX_POINT('',#4379);
#1338=VERTEX_POINT('',#4381);
#1339=VERTEX_POINT('',#4383);
#1340=VERTEX_POINT('',#4385);
#1341=VERTEX_POINT('',#4387);
#1342=VERTEX_POINT('',#4389);
#1343=VERTEX_POINT('',#4391);
#1344=VERTEX_POINT('',#4395);
#1345=VERTEX_POINT('',#4397);
#1346=VERTEX_POINT('',#4401);
#1347=VERTEX_POINT('',#4403);
#1348=VERTEX_POINT('',#4405);
#1349=VERTEX_POINT('',#4409);
#1350=VERTEX_POINT('',#4410);
#1351=VERTEX_POINT('',#4412);
#1352=VERTEX_POINT('',#4414);
#1353=VERTEX_POINT('',#4418);
#1354=VERTEX_POINT('',#4423);
#1355=VERTEX_POINT('',#4425);
#1356=VERTEX_POINT('',#4429);
#1357=VERTEX_POINT('',#4433);
#1358=VERTEX_POINT('',#4436);
#1359=VERTEX_POINT('',#4438);
#1360=VERTEX_POINT('',#4440);
#1361=VERTEX_POINT('',#4442);
#1362=VERTEX_POINT('',#4444);
#1363=VERTEX_POINT('',#4447);
#1364=VERTEX_POINT('',#4449);
#1365=VERTEX_POINT('',#4453);
#1366=VERTEX_POINT('',#4455);
#1367=VERTEX_POINT('',#4459);
#1368=VERTEX_POINT('',#4461);
#1369=VERTEX_POINT('',#4468);
#1370=VERTEX_POINT('',#4470);
#1371=VERTEX_POINT('',#4474);
#1372=VERTEX_POINT('',#4476);
#1373=VERTEX_POINT('',#4478);
#1374=VERTEX_POINT('',#4482);
#1375=VERTEX_POINT('',#4492);
#1376=VERTEX_POINT('',#4496);
#1377=VERTEX_POINT('',#4505);
#1378=VERTEX_POINT('',#4506);
#1379=VERTEX_POINT('',#4508);
#1380=VERTEX_POINT('',#4510);
#1381=VERTEX_POINT('',#4522);
#1382=VERTEX_POINT('',#4524);
#1383=VERTEX_POINT('',#4528);
#1384=VERTEX_POINT('',#4530);
#1385=VERTEX_POINT('',#4534);
#1386=VERTEX_POINT('',#4536);
#1387=VERTEX_POINT('',#4538);
#1388=VERTEX_POINT('',#4540);
#1389=VERTEX_POINT('',#4544);
#1390=VERTEX_POINT('',#4548);
#1391=VERTEX_POINT('',#4552);
#1392=VERTEX_POINT('',#4556);
#1393=VERTEX_POINT('',#4563);
#1394=VERTEX_POINT('',#4565);
#1395=VERTEX_POINT('',#4569);
#1396=VERTEX_POINT('',#4571);
#1397=VERTEX_POINT('',#4575);
#1398=VERTEX_POINT('',#4577);
#1399=VERTEX_POINT('',#4579);
#1400=VERTEX_POINT('',#4581);
#1401=VERTEX_POINT('',#4585);
#1402=VERTEX_POINT('',#4589);
#1403=VERTEX_POINT('',#4593);
#1404=VERTEX_POINT('',#4595);
#1405=VERTEX_POINT('',#4604);
#1406=VERTEX_POINT('',#4606);
#1407=VERTEX_POINT('',#4610);
#1408=VERTEX_POINT('',#4611);
#1409=VERTEX_POINT('',#4613);
#1410=VERTEX_POINT('',#4615);
#1411=VERTEX_POINT('',#4619);
#1412=VERTEX_POINT('',#4620);
#1413=VERTEX_POINT('',#4622);
#1414=VERTEX_POINT('',#4624);
#1415=VERTEX_POINT('',#4628);
#1416=VERTEX_POINT('',#4629);
#1417=VERTEX_POINT('',#4631);
#1418=VERTEX_POINT('',#4633);
#1419=VERTEX_POINT('',#4637);
#1420=VERTEX_POINT('',#4638);
#1421=VERTEX_POINT('',#4640);
#1422=VERTEX_POINT('',#4642);
#1423=VERTEX_POINT('',#4646);
#1424=VERTEX_POINT('',#4647);
#1425=VERTEX_POINT('',#4649);
#1426=VERTEX_POINT('',#4651);
#1427=VERTEX_POINT('',#4655);
#1428=VERTEX_POINT('',#4656);
#1429=VERTEX_POINT('',#4658);
#1430=VERTEX_POINT('',#4660);
#1431=VERTEX_POINT('',#4664);
#1432=VERTEX_POINT('',#4665);
#1433=VERTEX_POINT('',#4667);
#1434=VERTEX_POINT('',#4669);
#1435=VERTEX_POINT('',#4673);
#1436=VERTEX_POINT('',#4674);
#1437=VERTEX_POINT('',#4676);
#1438=VERTEX_POINT('',#4678);
#1439=VERTEX_POINT('',#4682);
#1440=VERTEX_POINT('',#4683);
#1441=VERTEX_POINT('',#4685);
#1442=VERTEX_POINT('',#4687);
#1443=VERTEX_POINT('',#4691);
#1444=VERTEX_POINT('',#4692);
#1445=VERTEX_POINT('',#4694);
#1446=VERTEX_POINT('',#4696);
#1447=VERTEX_POINT('',#4700);
#1448=VERTEX_POINT('',#4701);
#1449=VERTEX_POINT('',#4703);
#1450=VERTEX_POINT('',#4705);
#1451=VERTEX_POINT('',#4709);
#1452=VERTEX_POINT('',#4710);
#1453=VERTEX_POINT('',#4712);
#1454=VERTEX_POINT('',#4714);
#1455=VERTEX_POINT('',#4718);
#1456=VERTEX_POINT('',#4719);
#1457=VERTEX_POINT('',#4721);
#1458=VERTEX_POINT('',#4723);
#1459=VERTEX_POINT('',#4727);
#1460=VERTEX_POINT('',#4728);
#1461=VERTEX_POINT('',#4730);
#1462=VERTEX_POINT('',#4732);
#1463=VERTEX_POINT('',#4736);
#1464=VERTEX_POINT('',#4737);
#1465=VERTEX_POINT('',#4739);
#1466=VERTEX_POINT('',#4741);
#1467=VERTEX_POINT('',#4745);
#1468=VERTEX_POINT('',#4746);
#1469=VERTEX_POINT('',#4748);
#1470=VERTEX_POINT('',#4750);
#1471=VERTEX_POINT('',#4754);
#1472=VERTEX_POINT('',#4755);
#1473=VERTEX_POINT('',#4757);
#1474=VERTEX_POINT('',#4759);
#1475=VERTEX_POINT('',#4763);
#1476=VERTEX_POINT('',#4764);
#1477=VERTEX_POINT('',#4766);
#1478=VERTEX_POINT('',#4768);
#1479=VERTEX_POINT('',#4772);
#1480=VERTEX_POINT('',#4773);
#1481=VERTEX_POINT('',#4775);
#1482=VERTEX_POINT('',#4777);
#1483=VERTEX_POINT('',#4781);
#1484=VERTEX_POINT('',#4782);
#1485=VERTEX_POINT('',#4784);
#1486=VERTEX_POINT('',#4786);
#1487=VERTEX_POINT('',#4790);
#1488=VERTEX_POINT('',#4791);
#1489=VERTEX_POINT('',#4793);
#1490=VERTEX_POINT('',#4795);
#1491=VERTEX_POINT('',#4799);
#1492=VERTEX_POINT('',#4800);
#1493=VERTEX_POINT('',#4802);
#1494=VERTEX_POINT('',#4804);
#1495=VERTEX_POINT('',#4808);
#1496=VERTEX_POINT('',#4809);
#1497=VERTEX_POINT('',#4811);
#1498=VERTEX_POINT('',#4813);
#1499=VERTEX_POINT('',#4817);
#1500=VERTEX_POINT('',#4818);
#1501=VERTEX_POINT('',#4820);
#1502=VERTEX_POINT('',#4822);
#1503=VERTEX_POINT('',#4826);
#1504=VERTEX_POINT('',#4827);
#1505=VERTEX_POINT('',#4829);
#1506=VERTEX_POINT('',#4831);
#1507=VERTEX_POINT('',#4835);
#1508=VERTEX_POINT('',#4836);
#1509=VERTEX_POINT('',#4838);
#1510=VERTEX_POINT('',#4840);
#1511=VERTEX_POINT('',#4844);
#1512=VERTEX_POINT('',#4845);
#1513=VERTEX_POINT('',#4847);
#1514=VERTEX_POINT('',#4849);
#1515=VERTEX_POINT('',#4853);
#1516=VERTEX_POINT('',#4854);
#1517=VERTEX_POINT('',#4856);
#1518=VERTEX_POINT('',#4858);
#1519=VERTEX_POINT('',#4862);
#1520=VERTEX_POINT('',#4863);
#1521=VERTEX_POINT('',#4865);
#1522=VERTEX_POINT('',#4867);
#1523=VERTEX_POINT('',#4871);
#1524=VERTEX_POINT('',#4872);
#1525=VERTEX_POINT('',#4874);
#1526=VERTEX_POINT('',#4876);
#1527=VERTEX_POINT('',#4880);
#1528=VERTEX_POINT('',#4881);
#1529=VERTEX_POINT('',#4883);
#1530=VERTEX_POINT('',#4885);
#1531=VERTEX_POINT('',#4889);
#1532=VERTEX_POINT('',#4890);
#1533=VERTEX_POINT('',#4892);
#1534=VERTEX_POINT('',#4894);
#1535=VERTEX_POINT('',#4898);
#1536=VERTEX_POINT('',#4899);
#1537=VERTEX_POINT('',#4901);
#1538=VERTEX_POINT('',#4903);
#1539=VERTEX_POINT('',#4907);
#1540=VERTEX_POINT('',#4908);
#1541=VERTEX_POINT('',#4910);
#1542=VERTEX_POINT('',#4912);
#1543=VERTEX_POINT('',#4916);
#1544=VERTEX_POINT('',#4917);
#1545=VERTEX_POINT('',#4919);
#1546=VERTEX_POINT('',#4921);
#1547=VERTEX_POINT('',#4925);
#1548=VERTEX_POINT('',#4926);
#1549=VERTEX_POINT('',#4928);
#1550=VERTEX_POINT('',#4930);
#1551=VERTEX_POINT('',#4934);
#1552=VERTEX_POINT('',#4935);
#1553=VERTEX_POINT('',#4937);
#1554=VERTEX_POINT('',#4939);
#1555=VERTEX_POINT('',#4943);
#1556=VERTEX_POINT('',#4944);
#1557=VERTEX_POINT('',#4946);
#1558=VERTEX_POINT('',#4948);
#1559=VERTEX_POINT('',#4952);
#1560=VERTEX_POINT('',#4953);
#1561=VERTEX_POINT('',#4955);
#1562=VERTEX_POINT('',#4957);
#1563=VERTEX_POINT('',#4961);
#1564=VERTEX_POINT('',#4963);
#1565=VERTEX_POINT('',#5005);
#1566=VERTEX_POINT('',#5009);
#1567=VERTEX_POINT('',#5092);
#1568=VERTEX_POINT('',#5094);
#1569=VERTEX_POINT('',#5100);
#1570=VERTEX_POINT('',#5102);
#1571=VERTEX_POINT('',#5108);
#1572=VERTEX_POINT('',#5110);
#1573=EDGE_CURVE('',#1310,#1311,#932,.T.);
#1574=EDGE_CURVE('',#1310,#1312,#933,.T.);
#1575=EDGE_CURVE('',#1312,#1313,#934,.T.);
#1576=EDGE_CURVE('',#1311,#1313,#935,.T.);
#1577=EDGE_CURVE('',#1314,#1310,#936,.T.);
#1578=EDGE_CURVE('',#1314,#1315,#937,.T.);
#1579=EDGE_CURVE('',#1315,#1312,#938,.T.);
#1580=EDGE_CURVE('',#1316,#1314,#939,.T.);
#1581=EDGE_CURVE('',#1317,#1316,#940,.T.);
#1582=EDGE_CURVE('',#1317,#1315,#941,.T.);
#1583=EDGE_CURVE('',#1313,#1317,#942,.T.);
#1584=EDGE_CURVE('',#1318,#1311,#943,.T.);
#1585=EDGE_CURVE('',#1319,#1318,#420,.T.);
#1586=EDGE_CURVE('',#1320,#1319,#944,.T.);
#1587=EDGE_CURVE('',#1320,#1321,#945,.T.);
#1588=EDGE_CURVE('',#1321,#1322,#421,.T.);
#1589=EDGE_CURVE('',#1322,#1323,#946,.T.);
#1590=EDGE_CURVE('',#1324,#1323,#947,.T.);
#1591=EDGE_CURVE('',#1325,#1324,#422,.T.);
#1592=EDGE_CURVE('',#1326,#1325,#948,.T.);
#1593=EDGE_CURVE('',#1326,#1327,#949,.T.);
#1594=EDGE_CURVE('',#1327,#1328,#423,.T.);
#1595=EDGE_CURVE('',#1328,#1329,#950,.T.);
#1596=EDGE_CURVE('',#1316,#1329,#951,.T.);
#1597=EDGE_CURVE('',#1318,#1330,#952,.T.);
#1598=EDGE_CURVE('',#1330,#1331,#424,.F.);
#1599=EDGE_CURVE('',#1331,#1319,#953,.T.);
#1600=EDGE_CURVE('',#1331,#1332,#954,.T.);
#1601=EDGE_CURVE('',#1333,#1332,#955,.T.);
#1602=EDGE_CURVE('',#1334,#1333,#956,.T.);
#1603=EDGE_CURVE('',#1335,#1334,#957,.T.);
#1604=EDGE_CURVE('',#1336,#1335,#958,.T.);
#1605=EDGE_CURVE('',#1337,#1336,#959,.T.);
#1606=EDGE_CURVE('',#1338,#1337,#960,.T.);
#1607=EDGE_CURVE('',#1338,#1339,#961,.T.);
#1608=EDGE_CURVE('',#1340,#1339,#962,.T.);
#1609=EDGE_CURVE('',#1341,#1340,#963,.T.);
#1610=EDGE_CURVE('',#1342,#1341,#964,.T.);
#1611=EDGE_CURVE('',#1342,#1343,#965,.T.);
#1612=EDGE_CURVE('',#1343,#1320,#966,.T.);
#1613=EDGE_CURVE('',#1344,#1335,#425,.T.);
#1614=EDGE_CURVE('',#1334,#1345,#426,.F.);
#1615=EDGE_CURVE('',#1345,#1344,#967,.T.);
#1616=EDGE_CURVE('',#1345,#1346,#968,.T.);
#1617=EDGE_CURVE('',#1347,#1346,#969,.T.);
#1618=EDGE_CURVE('',#1348,#1347,#970,.T.);
#1619=EDGE_CURVE('',#1344,#1348,#971,.T.);
#1620=EDGE_CURVE('',#1349,#1350,#427,.T.);
#1621=EDGE_CURVE('',#1350,#1351,#972,.T.);
#1622=EDGE_CURVE('',#1351,#1352,#428,.F.);
#1623=EDGE_CURVE('',#1352,#1349,#973,.T.);
#1624=EDGE_CURVE('',#1329,#1353,#974,.T.);
#1625=EDGE_CURVE('',#1353,#1349,#975,.T.);
#1626=EDGE_CURVE('',#1352,#1330,#976,.T.);
#1627=EDGE_CURVE('',#1354,#1347,#429,.T.);
#1628=EDGE_CURVE('',#1346,#1355,#430,.F.);
#1629=EDGE_CURVE('',#1355,#1354,#977,.T.);
#1630=EDGE_CURVE('',#1354,#1356,#978,.T.);
#1631=EDGE_CURVE('',#1356,#1348,#431,.T.);
#1632=EDGE_CURVE('',#1350,#1357,#979,.T.);
#1633=EDGE_CURVE('',#1357,#1326,#980,.T.);
#1634=EDGE_CURVE('',#1358,#1325,#981,.T.);
#1635=EDGE_CURVE('',#1358,#1359,#982,.T.);
#1636=EDGE_CURVE('',#1360,#1359,#983,.T.);
#1637=EDGE_CURVE('',#1361,#1360,#984,.T.);
#1638=EDGE_CURVE('',#1362,#1361,#985,.T.);
#1639=EDGE_CURVE('',#1356,#1362,#986,.T.);
#1640=EDGE_CURVE('',#1355,#1363,#987,.T.);
#1641=EDGE_CURVE('',#1364,#1363,#988,.T.);
#1642=EDGE_CURVE('',#1351,#1364,#989,.T.);
#1643=EDGE_CURVE('',#1337,#1365,#432,.T.);
#1644=EDGE_CURVE('',#1365,#1366,#990,.T.);
#1645=EDGE_CURVE('',#1366,#1338,#433,.F.);
#1646=EDGE_CURVE('',#1367,#1362,#434,.T.);
#1647=EDGE_CURVE('',#1361,#1368,#435,.F.);
#1648=EDGE_CURVE('',#1368,#1367,#991,.T.);
#1649=EDGE_CURVE('',#1367,#1365,#992,.T.);
#1650=EDGE_CURVE('',#1368,#1366,#993,.T.);
#1651=EDGE_CURVE('',#1369,#1342,#436,.T.);
#1652=EDGE_CURVE('',#1341,#1370,#437,.F.);
#1653=EDGE_CURVE('',#1370,#1369,#994,.T.);
#1654=EDGE_CURVE('',#1371,#1369,#995,.T.);
#1655=EDGE_CURVE('',#1372,#1371,#996,.T.);
#1656=EDGE_CURVE('',#1373,#1372,#438,.T.);
#1657=EDGE_CURVE('',#1343,#1373,#997,.T.);
#1658=EDGE_CURVE('',#1324,#1374,#998,.T.);
#1659=EDGE_CURVE('',#1374,#1358,#439,.F.);
#1660=EDGE_CURVE('',#1322,#1372,#999,.T.);
#1661=EDGE_CURVE('',#1323,#1371,#1000,.T.);
#1662=EDGE_CURVE('',#1321,#1373,#1001,.T.);
#1663=EDGE_CURVE('',#1328,#1375,#1002,.T.);
#1664=EDGE_CURVE('',#1375,#1353,#1003,.T.);
#1665=EDGE_CURVE('',#1327,#1376,#1004,.T.);
#1666=EDGE_CURVE('',#1376,#1375,#440,.T.);
#1667=EDGE_CURVE('',#1357,#1376,#1005,.T.);
#1668=EDGE_CURVE('',#1370,#1374,#1006,.T.);
#1669=EDGE_CURVE('',#1377,#1378,#441,.T.);
#1670=EDGE_CURVE('',#1377,#1379,#1007,.T.);
#1671=EDGE_CURVE('',#1380,#1379,#442,.T.);
#1672=EDGE_CURVE('',#1378,#1380,#1008,.T.);
#1673=EDGE_CURVE('',#1336,#1377,#443,.T.);
#1674=EDGE_CURVE('',#1348,#1336,#444,.T.);
#1675=EDGE_CURVE('',#1378,#1356,#445,.T.);
#1676=EDGE_CURVE('',#1379,#1380,#446,.T.);
#1677=EDGE_CURVE('',#1381,#1364,#447,.T.);
#1678=EDGE_CURVE('',#1363,#1382,#448,.T.);
#1679=EDGE_CURVE('',#1382,#1381,#1009,.T.);
#1680=EDGE_CURVE('',#1383,#1382,#1010,.T.);
#1681=EDGE_CURVE('',#1383,#1384,#1011,.T.);
#1682=EDGE_CURVE('',#1381,#1384,#1012,.T.);
#1683=EDGE_CURVE('',#1385,#1333,#449,.T.);
#1684=EDGE_CURVE('',#1385,#1386,#1013,.T.);
#1685=EDGE_CURVE('',#1386,#1387,#1014,.T.);
#1686=EDGE_CURVE('',#1387,#1388,#450,.T.);
#1687=EDGE_CURVE('',#1388,#1383,#1015,.T.);
#1688=EDGE_CURVE('',#1332,#1389,#451,.T.);
#1689=EDGE_CURVE('',#1389,#1385,#1016,.T.);
#1690=EDGE_CURVE('',#1390,#1389,#1017,.T.);
#1691=EDGE_CURVE('',#1390,#1386,#1018,.T.);
#1692=EDGE_CURVE('',#1391,#1390,#1019,.T.);
#1693=EDGE_CURVE('',#1387,#1391,#1020,.T.);
#1694=EDGE_CURVE('',#1392,#1391,#452,.T.);
#1695=EDGE_CURVE('',#1388,#1392,#1021,.T.);
#1696=EDGE_CURVE('',#1384,#1392,#1022,.T.);
#1697=EDGE_CURVE('',#1359,#1393,#453,.T.);
#1698=EDGE_CURVE('',#1393,#1394,#1023,.T.);
#1699=EDGE_CURVE('',#1394,#1360,#454,.T.);
#1700=EDGE_CURVE('',#1393,#1395,#1024,.T.);
#1701=EDGE_CURVE('',#1395,#1396,#1025,.T.);
#1702=EDGE_CURVE('',#1396,#1394,#1026,.T.);
#1703=EDGE_CURVE('',#1397,#1340,#455,.T.);
#1704=EDGE_CURVE('',#1398,#1397,#1027,.T.);
#1705=EDGE_CURVE('',#1398,#1399,#1028,.T.);
#1706=EDGE_CURVE('',#1399,#1400,#456,.T.);
#1707=EDGE_CURVE('',#1400,#1395,#1029,.T.);
#1708=EDGE_CURVE('',#1339,#1401,#457,.T.);
#1709=EDGE_CURVE('',#1401,#1397,#1030,.T.);
#1710=EDGE_CURVE('',#1401,#1402,#1031,.T.);
#1711=EDGE_CURVE('',#1402,#1398,#1032,.T.);
#1712=EDGE_CURVE('',#1396,#1403,#1033,.T.);
#1713=EDGE_CURVE('',#1403,#1404,#458,.T.);
#1714=EDGE_CURVE('',#1404,#1402,#1034,.T.);
#1715=EDGE_CURVE('',#1404,#1399,#1035,.T.);
#1716=EDGE_CURVE('',#1403,#1400,#1036,.T.);
#1717=EDGE_CURVE('',#1405,#1405,#459,.T.);
#1718=EDGE_CURVE('',#1405,#1406,#1037,.T.);
#1719=EDGE_CURVE('',#1406,#1406,#460,.T.);
#1720=EDGE_CURVE('',#1407,#1408,#461,.T.);
#1721=EDGE_CURVE('',#1409,#1407,#1038,.T.);
#1722=EDGE_CURVE('',#1410,#1409,#462,.T.);
#1723=EDGE_CURVE('',#1408,#1410,#1039,.T.);
#1724=EDGE_CURVE('',#1411,#1412,#463,.T.);
#1725=EDGE_CURVE('',#1413,#1411,#1040,.T.);
#1726=EDGE_CURVE('',#1414,#1413,#464,.T.);
#1727=EDGE_CURVE('',#1412,#1414,#1041,.T.);
#1728=EDGE_CURVE('',#1415,#1416,#465,.T.);
#1729=EDGE_CURVE('',#1417,#1415,#1042,.T.);
#1730=EDGE_CURVE('',#1418,#1417,#466,.T.);
#1731=EDGE_CURVE('',#1416,#1418,#1043,.T.);
#1732=EDGE_CURVE('',#1419,#1420,#467,.T.);
#1733=EDGE_CURVE('',#1421,#1419,#1044,.T.);
#1734=EDGE_CURVE('',#1422,#1421,#468,.T.);
#1735=EDGE_CURVE('',#1420,#1422,#1045,.T.);
#1736=EDGE_CURVE('',#1423,#1424,#469,.T.);
#1737=EDGE_CURVE('',#1425,#1423,#1046,.T.);
#1738=EDGE_CURVE('',#1426,#1425,#470,.T.);
#1739=EDGE_CURVE('',#1424,#1426,#1047,.T.);
#1740=EDGE_CURVE('',#1427,#1428,#471,.T.);
#1741=EDGE_CURVE('',#1429,#1427,#1048,.T.);
#1742=EDGE_CURVE('',#1430,#1429,#472,.T.);
#1743=EDGE_CURVE('',#1428,#1430,#1049,.T.);
#1744=EDGE_CURVE('',#1431,#1432,#473,.T.);
#1745=EDGE_CURVE('',#1433,#1431,#1050,.T.);
#1746=EDGE_CURVE('',#1434,#1433,#474,.T.);
#1747=EDGE_CURVE('',#1432,#1434,#1051,.T.);
#1748=EDGE_CURVE('',#1435,#1436,#475,.T.);
#1749=EDGE_CURVE('',#1437,#1435,#1052,.T.);
#1750=EDGE_CURVE('',#1438,#1437,#476,.T.);
#1751=EDGE_CURVE('',#1436,#1438,#1053,.T.);
#1752=EDGE_CURVE('',#1439,#1440,#477,.T.);
#1753=EDGE_CURVE('',#1441,#1439,#1054,.T.);
#1754=EDGE_CURVE('',#1442,#1441,#478,.T.);
#1755=EDGE_CURVE('',#1440,#1442,#1055,.T.);
#1756=EDGE_CURVE('',#1443,#1444,#479,.T.);
#1757=EDGE_CURVE('',#1445,#1443,#1056,.T.);
#1758=EDGE_CURVE('',#1446,#1445,#480,.T.);
#1759=EDGE_CURVE('',#1444,#1446,#1057,.T.);
#1760=EDGE_CURVE('',#1447,#1448,#481,.T.);
#1761=EDGE_CURVE('',#1449,#1447,#1058,.T.);
#1762=EDGE_CURVE('',#1450,#1449,#482,.T.);
#1763=EDGE_CURVE('',#1448,#1450,#1059,.T.);
#1764=EDGE_CURVE('',#1451,#1452,#483,.T.);
#1765=EDGE_CURVE('',#1453,#1451,#1060,.T.);
#1766=EDGE_CURVE('',#1454,#1453,#484,.T.);
#1767=EDGE_CURVE('',#1452,#1454,#1061,.T.);
#1768=EDGE_CURVE('',#1455,#1456,#485,.T.);
#1769=EDGE_CURVE('',#1457,#1455,#1062,.T.);
#1770=EDGE_CURVE('',#1458,#1457,#486,.T.);
#1771=EDGE_CURVE('',#1456,#1458,#1063,.T.);
#1772=EDGE_CURVE('',#1459,#1460,#487,.T.);
#1773=EDGE_CURVE('',#1461,#1459,#1064,.T.);
#1774=EDGE_CURVE('',#1462,#1461,#488,.T.);
#1775=EDGE_CURVE('',#1460,#1462,#1065,.T.);
#1776=EDGE_CURVE('',#1463,#1464,#489,.T.);
#1777=EDGE_CURVE('',#1465,#1463,#1066,.T.);
#1778=EDGE_CURVE('',#1466,#1465,#490,.T.);
#1779=EDGE_CURVE('',#1464,#1466,#1067,.T.);
#1780=EDGE_CURVE('',#1467,#1468,#491,.T.);
#1781=EDGE_CURVE('',#1469,#1467,#1068,.T.);
#1782=EDGE_CURVE('',#1470,#1469,#492,.T.);
#1783=EDGE_CURVE('',#1468,#1470,#1069,.T.);
#1784=EDGE_CURVE('',#1471,#1472,#493,.T.);
#1785=EDGE_CURVE('',#1473,#1471,#1070,.T.);
#1786=EDGE_CURVE('',#1474,#1473,#494,.T.);
#1787=EDGE_CURVE('',#1472,#1474,#1071,.T.);
#1788=EDGE_CURVE('',#1475,#1476,#495,.T.);
#1789=EDGE_CURVE('',#1477,#1475,#1072,.T.);
#1790=EDGE_CURVE('',#1478,#1477,#496,.T.);
#1791=EDGE_CURVE('',#1476,#1478,#1073,.T.);
#1792=EDGE_CURVE('',#1479,#1480,#497,.T.);
#1793=EDGE_CURVE('',#1481,#1479,#1074,.T.);
#1794=EDGE_CURVE('',#1482,#1481,#498,.T.);
#1795=EDGE_CURVE('',#1480,#1482,#1075,.T.);
#1796=EDGE_CURVE('',#1483,#1484,#499,.T.);
#1797=EDGE_CURVE('',#1485,#1483,#1076,.T.);
#1798=EDGE_CURVE('',#1486,#1485,#500,.T.);
#1799=EDGE_CURVE('',#1484,#1486,#1077,.T.);
#1800=EDGE_CURVE('',#1487,#1488,#501,.T.);
#1801=EDGE_CURVE('',#1489,#1487,#1078,.T.);
#1802=EDGE_CURVE('',#1490,#1489,#502,.T.);
#1803=EDGE_CURVE('',#1488,#1490,#1079,.T.);
#1804=EDGE_CURVE('',#1491,#1492,#503,.T.);
#1805=EDGE_CURVE('',#1493,#1491,#1080,.T.);
#1806=EDGE_CURVE('',#1494,#1493,#504,.T.);
#1807=EDGE_CURVE('',#1492,#1494,#1081,.T.);
#1808=EDGE_CURVE('',#1495,#1496,#505,.T.);
#1809=EDGE_CURVE('',#1497,#1495,#1082,.T.);
#1810=EDGE_CURVE('',#1498,#1497,#506,.T.);
#1811=EDGE_CURVE('',#1496,#1498,#1083,.T.);
#1812=EDGE_CURVE('',#1499,#1500,#507,.T.);
#1813=EDGE_CURVE('',#1501,#1499,#1084,.T.);
#1814=EDGE_CURVE('',#1502,#1501,#508,.T.);
#1815=EDGE_CURVE('',#1500,#1502,#1085,.T.);
#1816=EDGE_CURVE('',#1503,#1504,#509,.T.);
#1817=EDGE_CURVE('',#1505,#1503,#1086,.T.);
#1818=EDGE_CURVE('',#1506,#1505,#510,.T.);
#1819=EDGE_CURVE('',#1504,#1506,#1087,.T.);
#1820=EDGE_CURVE('',#1507,#1508,#511,.T.);
#1821=EDGE_CURVE('',#1509,#1507,#1088,.T.);
#1822=EDGE_CURVE('',#1510,#1509,#512,.T.);
#1823=EDGE_CURVE('',#1508,#1510,#1089,.T.);
#1824=EDGE_CURVE('',#1511,#1512,#513,.T.);
#1825=EDGE_CURVE('',#1513,#1511,#1090,.T.);
#1826=EDGE_CURVE('',#1514,#1513,#514,.T.);
#1827=EDGE_CURVE('',#1512,#1514,#1091,.T.);
#1828=EDGE_CURVE('',#1515,#1516,#515,.T.);
#1829=EDGE_CURVE('',#1517,#1515,#1092,.T.);
#1830=EDGE_CURVE('',#1518,#1517,#516,.T.);
#1831=EDGE_CURVE('',#1516,#1518,#1093,.T.);
#1832=EDGE_CURVE('',#1519,#1520,#517,.T.);
#1833=EDGE_CURVE('',#1521,#1519,#1094,.T.);
#1834=EDGE_CURVE('',#1522,#1521,#518,.T.);
#1835=EDGE_CURVE('',#1520,#1522,#1095,.T.);
#1836=EDGE_CURVE('',#1523,#1524,#519,.T.);
#1837=EDGE_CURVE('',#1525,#1523,#1096,.T.);
#1838=EDGE_CURVE('',#1526,#1525,#520,.T.);
#1839=EDGE_CURVE('',#1524,#1526,#1097,.T.);
#1840=EDGE_CURVE('',#1527,#1528,#521,.T.);
#1841=EDGE_CURVE('',#1529,#1527,#1098,.T.);
#1842=EDGE_CURVE('',#1530,#1529,#522,.T.);
#1843=EDGE_CURVE('',#1528,#1530,#1099,.T.);
#1844=EDGE_CURVE('',#1531,#1532,#523,.T.);
#1845=EDGE_CURVE('',#1533,#1531,#1100,.T.);
#1846=EDGE_CURVE('',#1534,#1533,#524,.T.);
#1847=EDGE_CURVE('',#1532,#1534,#1101,.T.);
#1848=EDGE_CURVE('',#1535,#1536,#525,.T.);
#1849=EDGE_CURVE('',#1537,#1535,#1102,.T.);
#1850=EDGE_CURVE('',#1538,#1537,#526,.T.);
#1851=EDGE_CURVE('',#1536,#1538,#1103,.T.);
#1852=EDGE_CURVE('',#1539,#1540,#527,.T.);
#1853=EDGE_CURVE('',#1541,#1539,#1104,.T.);
#1854=EDGE_CURVE('',#1542,#1541,#528,.T.);
#1855=EDGE_CURVE('',#1540,#1542,#1105,.T.);
#1856=EDGE_CURVE('',#1543,#1544,#529,.T.);
#1857=EDGE_CURVE('',#1545,#1543,#1106,.T.);
#1858=EDGE_CURVE('',#1546,#1545,#530,.T.);
#1859=EDGE_CURVE('',#1544,#1546,#1107,.T.);
#1860=EDGE_CURVE('',#1547,#1548,#531,.T.);
#1861=EDGE_CURVE('',#1549,#1547,#1108,.T.);
#1862=EDGE_CURVE('',#1550,#1549,#532,.T.);
#1863=EDGE_CURVE('',#1548,#1550,#1109,.T.);
#1864=EDGE_CURVE('',#1551,#1552,#533,.T.);
#1865=EDGE_CURVE('',#1553,#1551,#1110,.T.);
#1866=EDGE_CURVE('',#1554,#1553,#534,.T.);
#1867=EDGE_CURVE('',#1552,#1554,#1111,.T.);
#1868=EDGE_CURVE('',#1555,#1556,#535,.T.);
#1869=EDGE_CURVE('',#1557,#1555,#1112,.T.);
#1870=EDGE_CURVE('',#1558,#1557,#536,.T.);
#1871=EDGE_CURVE('',#1556,#1558,#1113,.T.);
#1872=EDGE_CURVE('',#1559,#1560,#537,.T.);
#1873=EDGE_CURVE('',#1561,#1559,#1114,.T.);
#1874=EDGE_CURVE('',#1562,#1561,#538,.T.);
#1875=EDGE_CURVE('',#1560,#1562,#1115,.T.);
#1876=EDGE_CURVE('',#1409,#1563,#539,.T.);
#1877=EDGE_CURVE('',#1563,#1564,#540,.T.);
#1878=EDGE_CURVE('',#1564,#1562,#541,.T.);
#1879=EDGE_CURVE('',#1561,#1558,#542,.T.);
#1880=EDGE_CURVE('',#1557,#1554,#543,.T.);
#1881=EDGE_CURVE('',#1553,#1550,#544,.T.);
#1882=EDGE_CURVE('',#1549,#1546,#545,.T.);
#1883=EDGE_CURVE('',#1545,#1542,#546,.T.);
#1884=EDGE_CURVE('',#1541,#1538,#547,.T.);
#1885=EDGE_CURVE('',#1537,#1534,#548,.T.);
#1886=EDGE_CURVE('',#1533,#1530,#549,.T.);
#1887=EDGE_CURVE('',#1529,#1526,#550,.T.);
#1888=EDGE_CURVE('',#1525,#1522,#551,.T.);
#1889=EDGE_CURVE('',#1521,#1518,#552,.T.);
#1890=EDGE_CURVE('',#1517,#1514,#553,.T.);
#1891=EDGE_CURVE('',#1513,#1510,#554,.T.);
#1892=EDGE_CURVE('',#1509,#1506,#555,.T.);
#1893=EDGE_CURVE('',#1505,#1502,#556,.T.);
#1894=EDGE_CURVE('',#1501,#1498,#557,.T.);
#1895=EDGE_CURVE('',#1497,#1494,#558,.T.);
#1896=EDGE_CURVE('',#1493,#1490,#559,.T.);
#1897=EDGE_CURVE('',#1489,#1486,#560,.T.);
#1898=EDGE_CURVE('',#1485,#1482,#561,.T.);
#1899=EDGE_CURVE('',#1481,#1478,#562,.T.);
#1900=EDGE_CURVE('',#1477,#1474,#563,.T.);
#1901=EDGE_CURVE('',#1473,#1470,#564,.T.);
#1902=EDGE_CURVE('',#1469,#1466,#565,.T.);
#1903=EDGE_CURVE('',#1465,#1462,#566,.T.);
#1904=EDGE_CURVE('',#1461,#1458,#567,.T.);
#1905=EDGE_CURVE('',#1457,#1454,#568,.T.);
#1906=EDGE_CURVE('',#1453,#1450,#569,.T.);
#1907=EDGE_CURVE('',#1449,#1446,#570,.T.);
#1908=EDGE_CURVE('',#1445,#1442,#571,.T.);
#1909=EDGE_CURVE('',#1441,#1438,#572,.T.);
#1910=EDGE_CURVE('',#1437,#1434,#573,.T.);
#1911=EDGE_CURVE('',#1433,#1430,#574,.T.);
#1912=EDGE_CURVE('',#1429,#1426,#575,.T.);
#1913=EDGE_CURVE('',#1425,#1422,#576,.T.);
#1914=EDGE_CURVE('',#1421,#1418,#577,.T.);
#1915=EDGE_CURVE('',#1417,#1414,#578,.T.);
#1916=EDGE_CURVE('',#1413,#1410,#579,.T.);
#1917=EDGE_CURVE('',#1407,#1565,#580,.T.);
#1918=EDGE_CURVE('',#1565,#1563,#1116,.T.);
#1919=EDGE_CURVE('',#1564,#1566,#1117,.T.);
#1920=EDGE_CURVE('',#1566,#1560,#581,.T.);
#1921=EDGE_CURVE('',#1559,#1556,#582,.T.);
#1922=EDGE_CURVE('',#1555,#1552,#583,.T.);
#1923=EDGE_CURVE('',#1551,#1548,#584,.T.);
#1924=EDGE_CURVE('',#1547,#1544,#585,.T.);
#1925=EDGE_CURVE('',#1543,#1540,#586,.T.);
#1926=EDGE_CURVE('',#1539,#1536,#587,.T.);
#1927=EDGE_CURVE('',#1535,#1532,#588,.T.);
#1928=EDGE_CURVE('',#1531,#1528,#589,.T.);
#1929=EDGE_CURVE('',#1527,#1524,#590,.T.);
#1930=EDGE_CURVE('',#1523,#1520,#591,.T.);
#1931=EDGE_CURVE('',#1519,#1516,#592,.T.);
#1932=EDGE_CURVE('',#1515,#1512,#593,.T.);
#1933=EDGE_CURVE('',#1511,#1508,#594,.T.);
#1934=EDGE_CURVE('',#1507,#1504,#595,.T.);
#1935=EDGE_CURVE('',#1503,#1500,#596,.T.);
#1936=EDGE_CURVE('',#1499,#1496,#597,.T.);
#1937=EDGE_CURVE('',#1495,#1492,#598,.T.);
#1938=EDGE_CURVE('',#1491,#1488,#599,.T.);
#1939=EDGE_CURVE('',#1487,#1484,#600,.T.);
#1940=EDGE_CURVE('',#1483,#1480,#601,.T.);
#1941=EDGE_CURVE('',#1479,#1476,#602,.T.);
#1942=EDGE_CURVE('',#1475,#1472,#603,.T.);
#1943=EDGE_CURVE('',#1471,#1468,#604,.T.);
#1944=EDGE_CURVE('',#1467,#1464,#605,.T.);
#1945=EDGE_CURVE('',#1463,#1460,#606,.T.);
#1946=EDGE_CURVE('',#1459,#1456,#607,.T.);
#1947=EDGE_CURVE('',#1455,#1452,#608,.T.);
#1948=EDGE_CURVE('',#1451,#1448,#609,.T.);
#1949=EDGE_CURVE('',#1447,#1444,#610,.T.);
#1950=EDGE_CURVE('',#1443,#1440,#611,.T.);
#1951=EDGE_CURVE('',#1439,#1436,#612,.T.);
#1952=EDGE_CURVE('',#1435,#1432,#613,.T.);
#1953=EDGE_CURVE('',#1431,#1428,#614,.T.);
#1954=EDGE_CURVE('',#1427,#1424,#615,.T.);
#1955=EDGE_CURVE('',#1423,#1420,#616,.T.);
#1956=EDGE_CURVE('',#1419,#1416,#617,.T.);
#1957=EDGE_CURVE('',#1415,#1412,#618,.T.);
#1958=EDGE_CURVE('',#1566,#1565,#619,.T.);
#1959=EDGE_CURVE('',#1411,#1408,#620,.T.);
#1960=EDGE_CURVE('',#1567,#1567,#621,.T.);
#1961=EDGE_CURVE('',#1567,#1568,#1118,.T.);
#1962=EDGE_CURVE('',#1568,#1568,#622,.T.);
#1963=EDGE_CURVE('',#1569,#1569,#623,.T.);
#1964=EDGE_CURVE('',#1569,#1570,#1119,.T.);
#1965=EDGE_CURVE('',#1570,#1570,#624,.T.);
#1966=EDGE_CURVE('',#1571,#1571,#625,.T.);
#1967=EDGE_CURVE('',#1571,#1572,#1120,.T.);
#1968=EDGE_CURVE('',#1572,#1572,#626,.T.);
#1969=ORIENTED_EDGE('',*,*,#1573,.F.);
#1970=ORIENTED_EDGE('',*,*,#1574,.T.);
#1971=ORIENTED_EDGE('',*,*,#1575,.T.);
#1972=ORIENTED_EDGE('',*,*,#1576,.F.);
#1973=ORIENTED_EDGE('',*,*,#1577,.F.);
#1974=ORIENTED_EDGE('',*,*,#1578,.T.);
#1975=ORIENTED_EDGE('',*,*,#1579,.T.);
#1976=ORIENTED_EDGE('',*,*,#1574,.F.);
#1977=ORIENTED_EDGE('',*,*,#1580,.F.);
#1978=ORIENTED_EDGE('',*,*,#1581,.F.);
#1979=ORIENTED_EDGE('',*,*,#1582,.T.);
#1980=ORIENTED_EDGE('',*,*,#1578,.F.);
#1981=ORIENTED_EDGE('',*,*,#1582,.F.);
#1982=ORIENTED_EDGE('',*,*,#1583,.F.);
#1983=ORIENTED_EDGE('',*,*,#1575,.F.);
#1984=ORIENTED_EDGE('',*,*,#1579,.F.);
#1985=ORIENTED_EDGE('',*,*,#1580,.T.);
#1986=ORIENTED_EDGE('',*,*,#1577,.T.);
#1987=ORIENTED_EDGE('',*,*,#1573,.T.);
#1988=ORIENTED_EDGE('',*,*,#1584,.F.);
#1989=ORIENTED_EDGE('',*,*,#1585,.F.);
#1990=ORIENTED_EDGE('',*,*,#1586,.F.);
#1991=ORIENTED_EDGE('',*,*,#1587,.T.);
#1992=ORIENTED_EDGE('',*,*,#1588,.T.);
#1993=ORIENTED_EDGE('',*,*,#1589,.T.);
#1994=ORIENTED_EDGE('',*,*,#1590,.F.);
#1995=ORIENTED_EDGE('',*,*,#1591,.F.);
#1996=ORIENTED_EDGE('',*,*,#1592,.F.);
#1997=ORIENTED_EDGE('',*,*,#1593,.T.);
#1998=ORIENTED_EDGE('',*,*,#1594,.T.);
#1999=ORIENTED_EDGE('',*,*,#1595,.T.);
#2000=ORIENTED_EDGE('',*,*,#1596,.F.);
#2001=ORIENTED_EDGE('',*,*,#1585,.T.);
#2002=ORIENTED_EDGE('',*,*,#1597,.T.);
#2003=ORIENTED_EDGE('',*,*,#1598,.T.);
#2004=ORIENTED_EDGE('',*,*,#1599,.T.);
#2005=ORIENTED_EDGE('',*,*,#1599,.F.);
#2006=ORIENTED_EDGE('',*,*,#1600,.T.);
#2007=ORIENTED_EDGE('',*,*,#1601,.F.);
#2008=ORIENTED_EDGE('',*,*,#1602,.F.);
#2009=ORIENTED_EDGE('',*,*,#1603,.F.);
#2010=ORIENTED_EDGE('',*,*,#1604,.F.);
#2011=ORIENTED_EDGE('',*,*,#1605,.F.);
#2012=ORIENTED_EDGE('',*,*,#1606,.F.);
#2013=ORIENTED_EDGE('',*,*,#1607,.T.);
#2014=ORIENTED_EDGE('',*,*,#1608,.F.);
#2015=ORIENTED_EDGE('',*,*,#1609,.F.);
#2016=ORIENTED_EDGE('',*,*,#1610,.F.);
#2017=ORIENTED_EDGE('',*,*,#1611,.T.);
#2018=ORIENTED_EDGE('',*,*,#1612,.T.);
#2019=ORIENTED_EDGE('',*,*,#1586,.T.);
#2020=ORIENTED_EDGE('',*,*,#1613,.T.);
#2021=ORIENTED_EDGE('',*,*,#1603,.T.);
#2022=ORIENTED_EDGE('',*,*,#1614,.T.);
#2023=ORIENTED_EDGE('',*,*,#1615,.T.);
#2024=ORIENTED_EDGE('',*,*,#1615,.F.);
#2025=ORIENTED_EDGE('',*,*,#1616,.T.);
#2026=ORIENTED_EDGE('',*,*,#1617,.F.);
#2027=ORIENTED_EDGE('',*,*,#1618,.F.);
#2028=ORIENTED_EDGE('',*,*,#1619,.F.);
#2029=ORIENTED_EDGE('',*,*,#1620,.T.);
#2030=ORIENTED_EDGE('',*,*,#1621,.T.);
#2031=ORIENTED_EDGE('',*,*,#1622,.T.);
#2032=ORIENTED_EDGE('',*,*,#1623,.T.);
#2033=ORIENTED_EDGE('',*,*,#1581,.T.);
#2034=ORIENTED_EDGE('',*,*,#1596,.T.);
#2035=ORIENTED_EDGE('',*,*,#1624,.T.);
#2036=ORIENTED_EDGE('',*,*,#1625,.T.);
#2037=ORIENTED_EDGE('',*,*,#1623,.F.);
#2038=ORIENTED_EDGE('',*,*,#1626,.T.);
#2039=ORIENTED_EDGE('',*,*,#1597,.F.);
#2040=ORIENTED_EDGE('',*,*,#1584,.T.);
#2041=ORIENTED_EDGE('',*,*,#1576,.T.);
#2042=ORIENTED_EDGE('',*,*,#1583,.T.);
#2043=ORIENTED_EDGE('',*,*,#1627,.T.);
#2044=ORIENTED_EDGE('',*,*,#1617,.T.);
#2045=ORIENTED_EDGE('',*,*,#1628,.T.);
#2046=ORIENTED_EDGE('',*,*,#1629,.T.);
#2047=ORIENTED_EDGE('',*,*,#1627,.F.);
#2048=ORIENTED_EDGE('',*,*,#1630,.T.);
#2049=ORIENTED_EDGE('',*,*,#1631,.T.);
#2050=ORIENTED_EDGE('',*,*,#1618,.T.);
#2051=ORIENTED_EDGE('',*,*,#1621,.F.);
#2052=ORIENTED_EDGE('',*,*,#1632,.T.);
#2053=ORIENTED_EDGE('',*,*,#1633,.T.);
#2054=ORIENTED_EDGE('',*,*,#1592,.T.);
#2055=ORIENTED_EDGE('',*,*,#1634,.F.);
#2056=ORIENTED_EDGE('',*,*,#1635,.T.);
#2057=ORIENTED_EDGE('',*,*,#1636,.F.);
#2058=ORIENTED_EDGE('',*,*,#1637,.F.);
#2059=ORIENTED_EDGE('',*,*,#1638,.F.);
#2060=ORIENTED_EDGE('',*,*,#1639,.F.);
#2061=ORIENTED_EDGE('',*,*,#1630,.F.);
#2062=ORIENTED_EDGE('',*,*,#1629,.F.);
#2063=ORIENTED_EDGE('',*,*,#1640,.T.);
#2064=ORIENTED_EDGE('',*,*,#1641,.F.);
#2065=ORIENTED_EDGE('',*,*,#1642,.F.);
#2066=ORIENTED_EDGE('',*,*,#1643,.T.);
#2067=ORIENTED_EDGE('',*,*,#1644,.T.);
#2068=ORIENTED_EDGE('',*,*,#1645,.T.);
#2069=ORIENTED_EDGE('',*,*,#1606,.T.);
#2070=ORIENTED_EDGE('',*,*,#1646,.T.);
#2071=ORIENTED_EDGE('',*,*,#1638,.T.);
#2072=ORIENTED_EDGE('',*,*,#1647,.T.);
#2073=ORIENTED_EDGE('',*,*,#1648,.T.);
#2074=ORIENTED_EDGE('',*,*,#1644,.F.);
#2075=ORIENTED_EDGE('',*,*,#1649,.F.);
#2076=ORIENTED_EDGE('',*,*,#1648,.F.);
#2077=ORIENTED_EDGE('',*,*,#1650,.T.);
#2078=ORIENTED_EDGE('',*,*,#1651,.T.);
#2079=ORIENTED_EDGE('',*,*,#1610,.T.);
#2080=ORIENTED_EDGE('',*,*,#1652,.T.);
#2081=ORIENTED_EDGE('',*,*,#1653,.T.);
#2082=ORIENTED_EDGE('',*,*,#1651,.F.);
#2083=ORIENTED_EDGE('',*,*,#1654,.F.);
#2084=ORIENTED_EDGE('',*,*,#1655,.F.);
#2085=ORIENTED_EDGE('',*,*,#1656,.F.);
#2086=ORIENTED_EDGE('',*,*,#1657,.F.);
#2087=ORIENTED_EDGE('',*,*,#1611,.F.);
#2088=ORIENTED_EDGE('',*,*,#1591,.T.);
#2089=ORIENTED_EDGE('',*,*,#1658,.T.);
#2090=ORIENTED_EDGE('',*,*,#1659,.T.);
#2091=ORIENTED_EDGE('',*,*,#1634,.T.);
#2092=ORIENTED_EDGE('',*,*,#1589,.F.);
#2093=ORIENTED_EDGE('',*,*,#1660,.T.);
#2094=ORIENTED_EDGE('',*,*,#1655,.T.);
#2095=ORIENTED_EDGE('',*,*,#1661,.F.);
#2096=ORIENTED_EDGE('',*,*,#1588,.F.);
#2097=ORIENTED_EDGE('',*,*,#1662,.T.);
#2098=ORIENTED_EDGE('',*,*,#1656,.T.);
#2099=ORIENTED_EDGE('',*,*,#1660,.F.);
#2100=ORIENTED_EDGE('',*,*,#1587,.F.);
#2101=ORIENTED_EDGE('',*,*,#1612,.F.);
#2102=ORIENTED_EDGE('',*,*,#1657,.T.);
#2103=ORIENTED_EDGE('',*,*,#1662,.F.);
#2104=ORIENTED_EDGE('',*,*,#1595,.F.);
#2105=ORIENTED_EDGE('',*,*,#1663,.T.);
#2106=ORIENTED_EDGE('',*,*,#1664,.T.);
#2107=ORIENTED_EDGE('',*,*,#1624,.F.);
#2108=ORIENTED_EDGE('',*,*,#1594,.F.);
#2109=ORIENTED_EDGE('',*,*,#1665,.T.);
#2110=ORIENTED_EDGE('',*,*,#1666,.T.);
#2111=ORIENTED_EDGE('',*,*,#1663,.F.);
#2112=ORIENTED_EDGE('',*,*,#1593,.F.);
#2113=ORIENTED_EDGE('',*,*,#1633,.F.);
#2114=ORIENTED_EDGE('',*,*,#1667,.T.);
#2115=ORIENTED_EDGE('',*,*,#1665,.F.);
#2116=ORIENTED_EDGE('',*,*,#1620,.F.);
#2117=ORIENTED_EDGE('',*,*,#1625,.F.);
#2118=ORIENTED_EDGE('',*,*,#1664,.F.);
#2119=ORIENTED_EDGE('',*,*,#1666,.F.);
#2120=ORIENTED_EDGE('',*,*,#1667,.F.);
#2121=ORIENTED_EDGE('',*,*,#1632,.F.);
#2122=ORIENTED_EDGE('',*,*,#1653,.F.);
#2123=ORIENTED_EDGE('',*,*,#1668,.T.);
#2124=ORIENTED_EDGE('',*,*,#1658,.F.);
#2125=ORIENTED_EDGE('',*,*,#1590,.T.);
#2126=ORIENTED_EDGE('',*,*,#1661,.T.);
#2127=ORIENTED_EDGE('',*,*,#1654,.T.);
#2128=ORIENTED_EDGE('',*,*,#1669,.F.);
#2129=ORIENTED_EDGE('',*,*,#1670,.T.);
#2130=ORIENTED_EDGE('',*,*,#1671,.F.);
#2131=ORIENTED_EDGE('',*,*,#1672,.F.);
#2132=ORIENTED_EDGE('',*,*,#1673,.F.);
#2133=ORIENTED_EDGE('',*,*,#1674,.F.);
#2134=ORIENTED_EDGE('',*,*,#1631,.F.);
#2135=ORIENTED_EDGE('',*,*,#1675,.F.);
#2136=ORIENTED_EDGE('',*,*,#1672,.T.);
#2137=ORIENTED_EDGE('',*,*,#1676,.F.);
#2138=ORIENTED_EDGE('',*,*,#1670,.F.);
#2139=ORIENTED_EDGE('',*,*,#1676,.T.);
#2140=ORIENTED_EDGE('',*,*,#1671,.T.);
#2141=ORIENTED_EDGE('',*,*,#1643,.F.);
#2142=ORIENTED_EDGE('',*,*,#1605,.T.);
#2143=ORIENTED_EDGE('',*,*,#1673,.T.);
#2144=ORIENTED_EDGE('',*,*,#1669,.T.);
#2145=ORIENTED_EDGE('',*,*,#1675,.T.);
#2146=ORIENTED_EDGE('',*,*,#1639,.T.);
#2147=ORIENTED_EDGE('',*,*,#1646,.F.);
#2148=ORIENTED_EDGE('',*,*,#1649,.T.);
#2149=ORIENTED_EDGE('',*,*,#1613,.F.);
#2150=ORIENTED_EDGE('',*,*,#1619,.T.);
#2151=ORIENTED_EDGE('',*,*,#1674,.T.);
#2152=ORIENTED_EDGE('',*,*,#1604,.T.);
#2153=ORIENTED_EDGE('',*,*,#1677,.T.);
#2154=ORIENTED_EDGE('',*,*,#1641,.T.);
#2155=ORIENTED_EDGE('',*,*,#1678,.T.);
#2156=ORIENTED_EDGE('',*,*,#1679,.T.);
#2157=ORIENTED_EDGE('',*,*,#1679,.F.);
#2158=ORIENTED_EDGE('',*,*,#1680,.F.);
#2159=ORIENTED_EDGE('',*,*,#1681,.T.);
#2160=ORIENTED_EDGE('',*,*,#1682,.F.);
#2161=ORIENTED_EDGE('',*,*,#1678,.F.);
#2162=ORIENTED_EDGE('',*,*,#1640,.F.);
#2163=ORIENTED_EDGE('',*,*,#1628,.F.);
#2164=ORIENTED_EDGE('',*,*,#1616,.F.);
#2165=ORIENTED_EDGE('',*,*,#1614,.F.);
#2166=ORIENTED_EDGE('',*,*,#1602,.T.);
#2167=ORIENTED_EDGE('',*,*,#1683,.F.);
#2168=ORIENTED_EDGE('',*,*,#1684,.T.);
#2169=ORIENTED_EDGE('',*,*,#1685,.T.);
#2170=ORIENTED_EDGE('',*,*,#1686,.T.);
#2171=ORIENTED_EDGE('',*,*,#1687,.T.);
#2172=ORIENTED_EDGE('',*,*,#1680,.T.);
#2173=ORIENTED_EDGE('',*,*,#1683,.T.);
#2174=ORIENTED_EDGE('',*,*,#1601,.T.);
#2175=ORIENTED_EDGE('',*,*,#1688,.T.);
#2176=ORIENTED_EDGE('',*,*,#1689,.T.);
#2177=ORIENTED_EDGE('',*,*,#1689,.F.);
#2178=ORIENTED_EDGE('',*,*,#1690,.F.);
#2179=ORIENTED_EDGE('',*,*,#1691,.T.);
#2180=ORIENTED_EDGE('',*,*,#1684,.F.);
#2181=ORIENTED_EDGE('',*,*,#1692,.F.);
#2182=ORIENTED_EDGE('',*,*,#1693,.F.);
#2183=ORIENTED_EDGE('',*,*,#1685,.F.);
#2184=ORIENTED_EDGE('',*,*,#1691,.F.);
#2185=ORIENTED_EDGE('',*,*,#1694,.F.);
#2186=ORIENTED_EDGE('',*,*,#1695,.F.);
#2187=ORIENTED_EDGE('',*,*,#1686,.F.);
#2188=ORIENTED_EDGE('',*,*,#1693,.T.);
#2189=ORIENTED_EDGE('',*,*,#1696,.F.);
#2190=ORIENTED_EDGE('',*,*,#1681,.F.);
#2191=ORIENTED_EDGE('',*,*,#1687,.F.);
#2192=ORIENTED_EDGE('',*,*,#1695,.T.);
#2193=ORIENTED_EDGE('',*,*,#1677,.F.);
#2194=ORIENTED_EDGE('',*,*,#1682,.T.);
#2195=ORIENTED_EDGE('',*,*,#1696,.T.);
#2196=ORIENTED_EDGE('',*,*,#1694,.T.);
#2197=ORIENTED_EDGE('',*,*,#1692,.T.);
#2198=ORIENTED_EDGE('',*,*,#1690,.T.);
#2199=ORIENTED_EDGE('',*,*,#1688,.F.);
#2200=ORIENTED_EDGE('',*,*,#1600,.F.);
#2201=ORIENTED_EDGE('',*,*,#1598,.F.);
#2202=ORIENTED_EDGE('',*,*,#1626,.F.);
#2203=ORIENTED_EDGE('',*,*,#1622,.F.);
#2204=ORIENTED_EDGE('',*,*,#1642,.T.);
#2205=ORIENTED_EDGE('',*,*,#1697,.T.);
#2206=ORIENTED_EDGE('',*,*,#1698,.T.);
#2207=ORIENTED_EDGE('',*,*,#1699,.T.);
#2208=ORIENTED_EDGE('',*,*,#1636,.T.);
#2209=ORIENTED_EDGE('',*,*,#1698,.F.);
#2210=ORIENTED_EDGE('',*,*,#1700,.T.);
#2211=ORIENTED_EDGE('',*,*,#1701,.T.);
#2212=ORIENTED_EDGE('',*,*,#1702,.T.);
#2213=ORIENTED_EDGE('',*,*,#1697,.F.);
#2214=ORIENTED_EDGE('',*,*,#1635,.F.);
#2215=ORIENTED_EDGE('',*,*,#1659,.F.);
#2216=ORIENTED_EDGE('',*,*,#1668,.F.);
#2217=ORIENTED_EDGE('',*,*,#1652,.F.);
#2218=ORIENTED_EDGE('',*,*,#1609,.T.);
#2219=ORIENTED_EDGE('',*,*,#1703,.F.);
#2220=ORIENTED_EDGE('',*,*,#1704,.F.);
#2221=ORIENTED_EDGE('',*,*,#1705,.T.);
#2222=ORIENTED_EDGE('',*,*,#1706,.T.);
#2223=ORIENTED_EDGE('',*,*,#1707,.T.);
#2224=ORIENTED_EDGE('',*,*,#1700,.F.);
#2225=ORIENTED_EDGE('',*,*,#1708,.T.);
#2226=ORIENTED_EDGE('',*,*,#1709,.T.);
#2227=ORIENTED_EDGE('',*,*,#1703,.T.);
#2228=ORIENTED_EDGE('',*,*,#1608,.T.);
#2229=ORIENTED_EDGE('',*,*,#1709,.F.);
#2230=ORIENTED_EDGE('',*,*,#1710,.T.);
#2231=ORIENTED_EDGE('',*,*,#1711,.T.);
#2232=ORIENTED_EDGE('',*,*,#1704,.T.);
#2233=ORIENTED_EDGE('',*,*,#1699,.F.);
#2234=ORIENTED_EDGE('',*,*,#1702,.F.);
#2235=ORIENTED_EDGE('',*,*,#1712,.T.);
#2236=ORIENTED_EDGE('',*,*,#1713,.T.);
#2237=ORIENTED_EDGE('',*,*,#1714,.T.);
#2238=ORIENTED_EDGE('',*,*,#1710,.F.);
#2239=ORIENTED_EDGE('',*,*,#1708,.F.);
#2240=ORIENTED_EDGE('',*,*,#1607,.F.);
#2241=ORIENTED_EDGE('',*,*,#1645,.F.);
#2242=ORIENTED_EDGE('',*,*,#1650,.F.);
#2243=ORIENTED_EDGE('',*,*,#1647,.F.);
#2244=ORIENTED_EDGE('',*,*,#1637,.T.);
#2245=ORIENTED_EDGE('',*,*,#1705,.F.);
#2246=ORIENTED_EDGE('',*,*,#1711,.F.);
#2247=ORIENTED_EDGE('',*,*,#1714,.F.);
#2248=ORIENTED_EDGE('',*,*,#1715,.T.);
#2249=ORIENTED_EDGE('',*,*,#1706,.F.);
#2250=ORIENTED_EDGE('',*,*,#1715,.F.);
#2251=ORIENTED_EDGE('',*,*,#1713,.F.);
#2252=ORIENTED_EDGE('',*,*,#1716,.T.);
#2253=ORIENTED_EDGE('',*,*,#1707,.F.);
#2254=ORIENTED_EDGE('',*,*,#1716,.F.);
#2255=ORIENTED_EDGE('',*,*,#1712,.F.);
#2256=ORIENTED_EDGE('',*,*,#1701,.F.);
#2257=ORIENTED_EDGE('',*,*,#1717,.F.);
#2258=ORIENTED_EDGE('',*,*,#1718,.T.);
#2259=ORIENTED_EDGE('',*,*,#1719,.F.);
#2260=ORIENTED_EDGE('',*,*,#1718,.F.);
#2261=ORIENTED_EDGE('',*,*,#1720,.F.);
#2262=ORIENTED_EDGE('',*,*,#1721,.F.);
#2263=ORIENTED_EDGE('',*,*,#1722,.F.);
#2264=ORIENTED_EDGE('',*,*,#1723,.F.);
#2265=ORIENTED_EDGE('',*,*,#1724,.F.);
#2266=ORIENTED_EDGE('',*,*,#1725,.F.);
#2267=ORIENTED_EDGE('',*,*,#1726,.F.);
#2268=ORIENTED_EDGE('',*,*,#1727,.F.);
#2269=ORIENTED_EDGE('',*,*,#1728,.F.);
#2270=ORIENTED_EDGE('',*,*,#1729,.F.);
#2271=ORIENTED_EDGE('',*,*,#1730,.F.);
#2272=ORIENTED_EDGE('',*,*,#1731,.F.);
#2273=ORIENTED_EDGE('',*,*,#1732,.F.);
#2274=ORIENTED_EDGE('',*,*,#1733,.F.);
#2275=ORIENTED_EDGE('',*,*,#1734,.F.);
#2276=ORIENTED_EDGE('',*,*,#1735,.F.);
#2277=ORIENTED_EDGE('',*,*,#1736,.F.);
#2278=ORIENTED_EDGE('',*,*,#1737,.F.);
#2279=ORIENTED_EDGE('',*,*,#1738,.F.);
#2280=ORIENTED_EDGE('',*,*,#1739,.F.);
#2281=ORIENTED_EDGE('',*,*,#1740,.F.);
#2282=ORIENTED_EDGE('',*,*,#1741,.F.);
#2283=ORIENTED_EDGE('',*,*,#1742,.F.);
#2284=ORIENTED_EDGE('',*,*,#1743,.F.);
#2285=ORIENTED_EDGE('',*,*,#1744,.F.);
#2286=ORIENTED_EDGE('',*,*,#1745,.F.);
#2287=ORIENTED_EDGE('',*,*,#1746,.F.);
#2288=ORIENTED_EDGE('',*,*,#1747,.F.);
#2289=ORIENTED_EDGE('',*,*,#1748,.F.);
#2290=ORIENTED_EDGE('',*,*,#1749,.F.);
#2291=ORIENTED_EDGE('',*,*,#1750,.F.);
#2292=ORIENTED_EDGE('',*,*,#1751,.F.);
#2293=ORIENTED_EDGE('',*,*,#1752,.F.);
#2294=ORIENTED_EDGE('',*,*,#1753,.F.);
#2295=ORIENTED_EDGE('',*,*,#1754,.F.);
#2296=ORIENTED_EDGE('',*,*,#1755,.F.);
#2297=ORIENTED_EDGE('',*,*,#1756,.F.);
#2298=ORIENTED_EDGE('',*,*,#1757,.F.);
#2299=ORIENTED_EDGE('',*,*,#1758,.F.);
#2300=ORIENTED_EDGE('',*,*,#1759,.F.);
#2301=ORIENTED_EDGE('',*,*,#1760,.F.);
#2302=ORIENTED_EDGE('',*,*,#1761,.F.);
#2303=ORIENTED_EDGE('',*,*,#1762,.F.);
#2304=ORIENTED_EDGE('',*,*,#1763,.F.);
#2305=ORIENTED_EDGE('',*,*,#1764,.F.);
#2306=ORIENTED_EDGE('',*,*,#1765,.F.);
#2307=ORIENTED_EDGE('',*,*,#1766,.F.);
#2308=ORIENTED_EDGE('',*,*,#1767,.F.);
#2309=ORIENTED_EDGE('',*,*,#1768,.F.);
#2310=ORIENTED_EDGE('',*,*,#1769,.F.);
#2311=ORIENTED_EDGE('',*,*,#1770,.F.);
#2312=ORIENTED_EDGE('',*,*,#1771,.F.);
#2313=ORIENTED_EDGE('',*,*,#1772,.F.);
#2314=ORIENTED_EDGE('',*,*,#1773,.F.);
#2315=ORIENTED_EDGE('',*,*,#1774,.F.);
#2316=ORIENTED_EDGE('',*,*,#1775,.F.);
#2317=ORIENTED_EDGE('',*,*,#1776,.F.);
#2318=ORIENTED_EDGE('',*,*,#1777,.F.);
#2319=ORIENTED_EDGE('',*,*,#1778,.F.);
#2320=ORIENTED_EDGE('',*,*,#1779,.F.);
#2321=ORIENTED_EDGE('',*,*,#1780,.F.);
#2322=ORIENTED_EDGE('',*,*,#1781,.F.);
#2323=ORIENTED_EDGE('',*,*,#1782,.F.);
#2324=ORIENTED_EDGE('',*,*,#1783,.F.);
#2325=ORIENTED_EDGE('',*,*,#1784,.F.);
#2326=ORIENTED_EDGE('',*,*,#1785,.F.);
#2327=ORIENTED_EDGE('',*,*,#1786,.F.);
#2328=ORIENTED_EDGE('',*,*,#1787,.F.);
#2329=ORIENTED_EDGE('',*,*,#1788,.F.);
#2330=ORIENTED_EDGE('',*,*,#1789,.F.);
#2331=ORIENTED_EDGE('',*,*,#1790,.F.);
#2332=ORIENTED_EDGE('',*,*,#1791,.F.);
#2333=ORIENTED_EDGE('',*,*,#1792,.F.);
#2334=ORIENTED_EDGE('',*,*,#1793,.F.);
#2335=ORIENTED_EDGE('',*,*,#1794,.F.);
#2336=ORIENTED_EDGE('',*,*,#1795,.F.);
#2337=ORIENTED_EDGE('',*,*,#1796,.F.);
#2338=ORIENTED_EDGE('',*,*,#1797,.F.);
#2339=ORIENTED_EDGE('',*,*,#1798,.F.);
#2340=ORIENTED_EDGE('',*,*,#1799,.F.);
#2341=ORIENTED_EDGE('',*,*,#1800,.F.);
#2342=ORIENTED_EDGE('',*,*,#1801,.F.);
#2343=ORIENTED_EDGE('',*,*,#1802,.F.);
#2344=ORIENTED_EDGE('',*,*,#1803,.F.);
#2345=ORIENTED_EDGE('',*,*,#1804,.F.);
#2346=ORIENTED_EDGE('',*,*,#1805,.F.);
#2347=ORIENTED_EDGE('',*,*,#1806,.F.);
#2348=ORIENTED_EDGE('',*,*,#1807,.F.);
#2349=ORIENTED_EDGE('',*,*,#1808,.F.);
#2350=ORIENTED_EDGE('',*,*,#1809,.F.);
#2351=ORIENTED_EDGE('',*,*,#1810,.F.);
#2352=ORIENTED_EDGE('',*,*,#1811,.F.);
#2353=ORIENTED_EDGE('',*,*,#1812,.F.);
#2354=ORIENTED_EDGE('',*,*,#1813,.F.);
#2355=ORIENTED_EDGE('',*,*,#1814,.F.);
#2356=ORIENTED_EDGE('',*,*,#1815,.F.);
#2357=ORIENTED_EDGE('',*,*,#1816,.F.);
#2358=ORIENTED_EDGE('',*,*,#1817,.F.);
#2359=ORIENTED_EDGE('',*,*,#1818,.F.);
#2360=ORIENTED_EDGE('',*,*,#1819,.F.);
#2361=ORIENTED_EDGE('',*,*,#1820,.F.);
#2362=ORIENTED_EDGE('',*,*,#1821,.F.);
#2363=ORIENTED_EDGE('',*,*,#1822,.F.);
#2364=ORIENTED_EDGE('',*,*,#1823,.F.);
#2365=ORIENTED_EDGE('',*,*,#1824,.F.);
#2366=ORIENTED_EDGE('',*,*,#1825,.F.);
#2367=ORIENTED_EDGE('',*,*,#1826,.F.);
#2368=ORIENTED_EDGE('',*,*,#1827,.F.);
#2369=ORIENTED_EDGE('',*,*,#1828,.F.);
#2370=ORIENTED_EDGE('',*,*,#1829,.F.);
#2371=ORIENTED_EDGE('',*,*,#1830,.F.);
#2372=ORIENTED_EDGE('',*,*,#1831,.F.);
#2373=ORIENTED_EDGE('',*,*,#1832,.F.);
#2374=ORIENTED_EDGE('',*,*,#1833,.F.);
#2375=ORIENTED_EDGE('',*,*,#1834,.F.);
#2376=ORIENTED_EDGE('',*,*,#1835,.F.);
#2377=ORIENTED_EDGE('',*,*,#1836,.F.);
#2378=ORIENTED_EDGE('',*,*,#1837,.F.);
#2379=ORIENTED_EDGE('',*,*,#1838,.F.);
#2380=ORIENTED_EDGE('',*,*,#1839,.F.);
#2381=ORIENTED_EDGE('',*,*,#1840,.F.);
#2382=ORIENTED_EDGE('',*,*,#1841,.F.);
#2383=ORIENTED_EDGE('',*,*,#1842,.F.);
#2384=ORIENTED_EDGE('',*,*,#1843,.F.);
#2385=ORIENTED_EDGE('',*,*,#1844,.F.);
#2386=ORIENTED_EDGE('',*,*,#1845,.F.);
#2387=ORIENTED_EDGE('',*,*,#1846,.F.);
#2388=ORIENTED_EDGE('',*,*,#1847,.F.);
#2389=ORIENTED_EDGE('',*,*,#1848,.F.);
#2390=ORIENTED_EDGE('',*,*,#1849,.F.);
#2391=ORIENTED_EDGE('',*,*,#1850,.F.);
#2392=ORIENTED_EDGE('',*,*,#1851,.F.);
#2393=ORIENTED_EDGE('',*,*,#1852,.F.);
#2394=ORIENTED_EDGE('',*,*,#1853,.F.);
#2395=ORIENTED_EDGE('',*,*,#1854,.F.);
#2396=ORIENTED_EDGE('',*,*,#1855,.F.);
#2397=ORIENTED_EDGE('',*,*,#1856,.F.);
#2398=ORIENTED_EDGE('',*,*,#1857,.F.);
#2399=ORIENTED_EDGE('',*,*,#1858,.F.);
#2400=ORIENTED_EDGE('',*,*,#1859,.F.);
#2401=ORIENTED_EDGE('',*,*,#1860,.F.);
#2402=ORIENTED_EDGE('',*,*,#1861,.F.);
#2403=ORIENTED_EDGE('',*,*,#1862,.F.);
#2404=ORIENTED_EDGE('',*,*,#1863,.F.);
#2405=ORIENTED_EDGE('',*,*,#1864,.F.);
#2406=ORIENTED_EDGE('',*,*,#1865,.F.);
#2407=ORIENTED_EDGE('',*,*,#1866,.F.);
#2408=ORIENTED_EDGE('',*,*,#1867,.F.);
#2409=ORIENTED_EDGE('',*,*,#1868,.F.);
#2410=ORIENTED_EDGE('',*,*,#1869,.F.);
#2411=ORIENTED_EDGE('',*,*,#1870,.F.);
#2412=ORIENTED_EDGE('',*,*,#1871,.F.);
#2413=ORIENTED_EDGE('',*,*,#1872,.F.);
#2414=ORIENTED_EDGE('',*,*,#1873,.F.);
#2415=ORIENTED_EDGE('',*,*,#1874,.F.);
#2416=ORIENTED_EDGE('',*,*,#1875,.F.);
#2417=ORIENTED_EDGE('',*,*,#1722,.T.);
#2418=ORIENTED_EDGE('',*,*,#1876,.T.);
#2419=ORIENTED_EDGE('',*,*,#1877,.T.);
#2420=ORIENTED_EDGE('',*,*,#1878,.T.);
#2421=ORIENTED_EDGE('',*,*,#1874,.T.);
#2422=ORIENTED_EDGE('',*,*,#1879,.T.);
#2423=ORIENTED_EDGE('',*,*,#1870,.T.);
#2424=ORIENTED_EDGE('',*,*,#1880,.T.);
#2425=ORIENTED_EDGE('',*,*,#1866,.T.);
#2426=ORIENTED_EDGE('',*,*,#1881,.T.);
#2427=ORIENTED_EDGE('',*,*,#1862,.T.);
#2428=ORIENTED_EDGE('',*,*,#1882,.T.);
#2429=ORIENTED_EDGE('',*,*,#1858,.T.);
#2430=ORIENTED_EDGE('',*,*,#1883,.T.);
#2431=ORIENTED_EDGE('',*,*,#1854,.T.);
#2432=ORIENTED_EDGE('',*,*,#1884,.T.);
#2433=ORIENTED_EDGE('',*,*,#1850,.T.);
#2434=ORIENTED_EDGE('',*,*,#1885,.T.);
#2435=ORIENTED_EDGE('',*,*,#1846,.T.);
#2436=ORIENTED_EDGE('',*,*,#1886,.T.);
#2437=ORIENTED_EDGE('',*,*,#1842,.T.);
#2438=ORIENTED_EDGE('',*,*,#1887,.T.);
#2439=ORIENTED_EDGE('',*,*,#1838,.T.);
#2440=ORIENTED_EDGE('',*,*,#1888,.T.);
#2441=ORIENTED_EDGE('',*,*,#1834,.T.);
#2442=ORIENTED_EDGE('',*,*,#1889,.T.);
#2443=ORIENTED_EDGE('',*,*,#1830,.T.);
#2444=ORIENTED_EDGE('',*,*,#1890,.T.);
#2445=ORIENTED_EDGE('',*,*,#1826,.T.);
#2446=ORIENTED_EDGE('',*,*,#1891,.T.);
#2447=ORIENTED_EDGE('',*,*,#1822,.T.);
#2448=ORIENTED_EDGE('',*,*,#1892,.T.);
#2449=ORIENTED_EDGE('',*,*,#1818,.T.);
#2450=ORIENTED_EDGE('',*,*,#1893,.T.);
#2451=ORIENTED_EDGE('',*,*,#1814,.T.);
#2452=ORIENTED_EDGE('',*,*,#1894,.T.);
#2453=ORIENTED_EDGE('',*,*,#1810,.T.);
#2454=ORIENTED_EDGE('',*,*,#1895,.T.);
#2455=ORIENTED_EDGE('',*,*,#1806,.T.);
#2456=ORIENTED_EDGE('',*,*,#1896,.T.);
#2457=ORIENTED_EDGE('',*,*,#1802,.T.);
#2458=ORIENTED_EDGE('',*,*,#1897,.T.);
#2459=ORIENTED_EDGE('',*,*,#1798,.T.);
#2460=ORIENTED_EDGE('',*,*,#1898,.T.);
#2461=ORIENTED_EDGE('',*,*,#1794,.T.);
#2462=ORIENTED_EDGE('',*,*,#1899,.T.);
#2463=ORIENTED_EDGE('',*,*,#1790,.T.);
#2464=ORIENTED_EDGE('',*,*,#1900,.T.);
#2465=ORIENTED_EDGE('',*,*,#1786,.T.);
#2466=ORIENTED_EDGE('',*,*,#1901,.T.);
#2467=ORIENTED_EDGE('',*,*,#1782,.T.);
#2468=ORIENTED_EDGE('',*,*,#1902,.T.);
#2469=ORIENTED_EDGE('',*,*,#1778,.T.);
#2470=ORIENTED_EDGE('',*,*,#1903,.T.);
#2471=ORIENTED_EDGE('',*,*,#1774,.T.);
#2472=ORIENTED_EDGE('',*,*,#1904,.T.);
#2473=ORIENTED_EDGE('',*,*,#1770,.T.);
#2474=ORIENTED_EDGE('',*,*,#1905,.T.);
#2475=ORIENTED_EDGE('',*,*,#1766,.T.);
#2476=ORIENTED_EDGE('',*,*,#1906,.T.);
#2477=ORIENTED_EDGE('',*,*,#1762,.T.);
#2478=ORIENTED_EDGE('',*,*,#1907,.T.);
#2479=ORIENTED_EDGE('',*,*,#1758,.T.);
#2480=ORIENTED_EDGE('',*,*,#1908,.T.);
#2481=ORIENTED_EDGE('',*,*,#1754,.T.);
#2482=ORIENTED_EDGE('',*,*,#1909,.T.);
#2483=ORIENTED_EDGE('',*,*,#1750,.T.);
#2484=ORIENTED_EDGE('',*,*,#1910,.T.);
#2485=ORIENTED_EDGE('',*,*,#1746,.T.);
#2486=ORIENTED_EDGE('',*,*,#1911,.T.);
#2487=ORIENTED_EDGE('',*,*,#1742,.T.);
#2488=ORIENTED_EDGE('',*,*,#1912,.T.);
#2489=ORIENTED_EDGE('',*,*,#1738,.T.);
#2490=ORIENTED_EDGE('',*,*,#1913,.T.);
#2491=ORIENTED_EDGE('',*,*,#1734,.T.);
#2492=ORIENTED_EDGE('',*,*,#1914,.T.);
#2493=ORIENTED_EDGE('',*,*,#1730,.T.);
#2494=ORIENTED_EDGE('',*,*,#1915,.T.);
#2495=ORIENTED_EDGE('',*,*,#1726,.T.);
#2496=ORIENTED_EDGE('',*,*,#1916,.T.);
#2497=ORIENTED_EDGE('',*,*,#1717,.T.);
#2498=ORIENTED_EDGE('',*,*,#1721,.T.);
#2499=ORIENTED_EDGE('',*,*,#1917,.T.);
#2500=ORIENTED_EDGE('',*,*,#1918,.T.);
#2501=ORIENTED_EDGE('',*,*,#1876,.F.);
#2502=ORIENTED_EDGE('',*,*,#1875,.T.);
#2503=ORIENTED_EDGE('',*,*,#1878,.F.);
#2504=ORIENTED_EDGE('',*,*,#1919,.T.);
#2505=ORIENTED_EDGE('',*,*,#1920,.T.);
#2506=ORIENTED_EDGE('',*,*,#1871,.T.);
#2507=ORIENTED_EDGE('',*,*,#1879,.F.);
#2508=ORIENTED_EDGE('',*,*,#1873,.T.);
#2509=ORIENTED_EDGE('',*,*,#1921,.T.);
#2510=ORIENTED_EDGE('',*,*,#1867,.T.);
#2511=ORIENTED_EDGE('',*,*,#1880,.F.);
#2512=ORIENTED_EDGE('',*,*,#1869,.T.);
#2513=ORIENTED_EDGE('',*,*,#1922,.T.);
#2514=ORIENTED_EDGE('',*,*,#1863,.T.);
#2515=ORIENTED_EDGE('',*,*,#1881,.F.);
#2516=ORIENTED_EDGE('',*,*,#1865,.T.);
#2517=ORIENTED_EDGE('',*,*,#1923,.T.);
#2518=ORIENTED_EDGE('',*,*,#1859,.T.);
#2519=ORIENTED_EDGE('',*,*,#1882,.F.);
#2520=ORIENTED_EDGE('',*,*,#1861,.T.);
#2521=ORIENTED_EDGE('',*,*,#1924,.T.);
#2522=ORIENTED_EDGE('',*,*,#1855,.T.);
#2523=ORIENTED_EDGE('',*,*,#1883,.F.);
#2524=ORIENTED_EDGE('',*,*,#1857,.T.);
#2525=ORIENTED_EDGE('',*,*,#1925,.T.);
#2526=ORIENTED_EDGE('',*,*,#1851,.T.);
#2527=ORIENTED_EDGE('',*,*,#1884,.F.);
#2528=ORIENTED_EDGE('',*,*,#1853,.T.);
#2529=ORIENTED_EDGE('',*,*,#1926,.T.);
#2530=ORIENTED_EDGE('',*,*,#1847,.T.);
#2531=ORIENTED_EDGE('',*,*,#1885,.F.);
#2532=ORIENTED_EDGE('',*,*,#1849,.T.);
#2533=ORIENTED_EDGE('',*,*,#1927,.T.);
#2534=ORIENTED_EDGE('',*,*,#1843,.T.);
#2535=ORIENTED_EDGE('',*,*,#1886,.F.);
#2536=ORIENTED_EDGE('',*,*,#1845,.T.);
#2537=ORIENTED_EDGE('',*,*,#1928,.T.);
#2538=ORIENTED_EDGE('',*,*,#1839,.T.);
#2539=ORIENTED_EDGE('',*,*,#1887,.F.);
#2540=ORIENTED_EDGE('',*,*,#1841,.T.);
#2541=ORIENTED_EDGE('',*,*,#1929,.T.);
#2542=ORIENTED_EDGE('',*,*,#1835,.T.);
#2543=ORIENTED_EDGE('',*,*,#1888,.F.);
#2544=ORIENTED_EDGE('',*,*,#1837,.T.);
#2545=ORIENTED_EDGE('',*,*,#1930,.T.);
#2546=ORIENTED_EDGE('',*,*,#1831,.T.);
#2547=ORIENTED_EDGE('',*,*,#1889,.F.);
#2548=ORIENTED_EDGE('',*,*,#1833,.T.);
#2549=ORIENTED_EDGE('',*,*,#1931,.T.);
#2550=ORIENTED_EDGE('',*,*,#1827,.T.);
#2551=ORIENTED_EDGE('',*,*,#1890,.F.);
#2552=ORIENTED_EDGE('',*,*,#1829,.T.);
#2553=ORIENTED_EDGE('',*,*,#1932,.T.);
#2554=ORIENTED_EDGE('',*,*,#1823,.T.);
#2555=ORIENTED_EDGE('',*,*,#1891,.F.);
#2556=ORIENTED_EDGE('',*,*,#1825,.T.);
#2557=ORIENTED_EDGE('',*,*,#1933,.T.);
#2558=ORIENTED_EDGE('',*,*,#1819,.T.);
#2559=ORIENTED_EDGE('',*,*,#1892,.F.);
#2560=ORIENTED_EDGE('',*,*,#1821,.T.);
#2561=ORIENTED_EDGE('',*,*,#1934,.T.);
#2562=ORIENTED_EDGE('',*,*,#1815,.T.);
#2563=ORIENTED_EDGE('',*,*,#1893,.F.);
#2564=ORIENTED_EDGE('',*,*,#1817,.T.);
#2565=ORIENTED_EDGE('',*,*,#1935,.T.);
#2566=ORIENTED_EDGE('',*,*,#1811,.T.);
#2567=ORIENTED_EDGE('',*,*,#1894,.F.);
#2568=ORIENTED_EDGE('',*,*,#1813,.T.);
#2569=ORIENTED_EDGE('',*,*,#1936,.T.);
#2570=ORIENTED_EDGE('',*,*,#1807,.T.);
#2571=ORIENTED_EDGE('',*,*,#1895,.F.);
#2572=ORIENTED_EDGE('',*,*,#1809,.T.);
#2573=ORIENTED_EDGE('',*,*,#1937,.T.);
#2574=ORIENTED_EDGE('',*,*,#1803,.T.);
#2575=ORIENTED_EDGE('',*,*,#1896,.F.);
#2576=ORIENTED_EDGE('',*,*,#1805,.T.);
#2577=ORIENTED_EDGE('',*,*,#1938,.T.);
#2578=ORIENTED_EDGE('',*,*,#1799,.T.);
#2579=ORIENTED_EDGE('',*,*,#1897,.F.);
#2580=ORIENTED_EDGE('',*,*,#1801,.T.);
#2581=ORIENTED_EDGE('',*,*,#1939,.T.);
#2582=ORIENTED_EDGE('',*,*,#1795,.T.);
#2583=ORIENTED_EDGE('',*,*,#1898,.F.);
#2584=ORIENTED_EDGE('',*,*,#1797,.T.);
#2585=ORIENTED_EDGE('',*,*,#1940,.T.);
#2586=ORIENTED_EDGE('',*,*,#1791,.T.);
#2587=ORIENTED_EDGE('',*,*,#1899,.F.);
#2588=ORIENTED_EDGE('',*,*,#1793,.T.);
#2589=ORIENTED_EDGE('',*,*,#1941,.T.);
#2590=ORIENTED_EDGE('',*,*,#1787,.T.);
#2591=ORIENTED_EDGE('',*,*,#1900,.F.);
#2592=ORIENTED_EDGE('',*,*,#1789,.T.);
#2593=ORIENTED_EDGE('',*,*,#1942,.T.);
#2594=ORIENTED_EDGE('',*,*,#1783,.T.);
#2595=ORIENTED_EDGE('',*,*,#1901,.F.);
#2596=ORIENTED_EDGE('',*,*,#1785,.T.);
#2597=ORIENTED_EDGE('',*,*,#1943,.T.);
#2598=ORIENTED_EDGE('',*,*,#1779,.T.);
#2599=ORIENTED_EDGE('',*,*,#1902,.F.);
#2600=ORIENTED_EDGE('',*,*,#1781,.T.);
#2601=ORIENTED_EDGE('',*,*,#1944,.T.);
#2602=ORIENTED_EDGE('',*,*,#1775,.T.);
#2603=ORIENTED_EDGE('',*,*,#1903,.F.);
#2604=ORIENTED_EDGE('',*,*,#1777,.T.);
#2605=ORIENTED_EDGE('',*,*,#1945,.T.);
#2606=ORIENTED_EDGE('',*,*,#1771,.T.);
#2607=ORIENTED_EDGE('',*,*,#1904,.F.);
#2608=ORIENTED_EDGE('',*,*,#1773,.T.);
#2609=ORIENTED_EDGE('',*,*,#1946,.T.);
#2610=ORIENTED_EDGE('',*,*,#1767,.T.);
#2611=ORIENTED_EDGE('',*,*,#1905,.F.);
#2612=ORIENTED_EDGE('',*,*,#1769,.T.);
#2613=ORIENTED_EDGE('',*,*,#1947,.T.);
#2614=ORIENTED_EDGE('',*,*,#1763,.T.);
#2615=ORIENTED_EDGE('',*,*,#1906,.F.);
#2616=ORIENTED_EDGE('',*,*,#1765,.T.);
#2617=ORIENTED_EDGE('',*,*,#1948,.T.);
#2618=ORIENTED_EDGE('',*,*,#1759,.T.);
#2619=ORIENTED_EDGE('',*,*,#1907,.F.);
#2620=ORIENTED_EDGE('',*,*,#1761,.T.);
#2621=ORIENTED_EDGE('',*,*,#1949,.T.);
#2622=ORIENTED_EDGE('',*,*,#1755,.T.);
#2623=ORIENTED_EDGE('',*,*,#1908,.F.);
#2624=ORIENTED_EDGE('',*,*,#1757,.T.);
#2625=ORIENTED_EDGE('',*,*,#1950,.T.);
#2626=ORIENTED_EDGE('',*,*,#1751,.T.);
#2627=ORIENTED_EDGE('',*,*,#1909,.F.);
#2628=ORIENTED_EDGE('',*,*,#1753,.T.);
#2629=ORIENTED_EDGE('',*,*,#1951,.T.);
#2630=ORIENTED_EDGE('',*,*,#1747,.T.);
#2631=ORIENTED_EDGE('',*,*,#1910,.F.);
#2632=ORIENTED_EDGE('',*,*,#1749,.T.);
#2633=ORIENTED_EDGE('',*,*,#1952,.T.);
#2634=ORIENTED_EDGE('',*,*,#1743,.T.);
#2635=ORIENTED_EDGE('',*,*,#1911,.F.);
#2636=ORIENTED_EDGE('',*,*,#1745,.T.);
#2637=ORIENTED_EDGE('',*,*,#1953,.T.);
#2638=ORIENTED_EDGE('',*,*,#1739,.T.);
#2639=ORIENTED_EDGE('',*,*,#1912,.F.);
#2640=ORIENTED_EDGE('',*,*,#1741,.T.);
#2641=ORIENTED_EDGE('',*,*,#1954,.T.);
#2642=ORIENTED_EDGE('',*,*,#1735,.T.);
#2643=ORIENTED_EDGE('',*,*,#1913,.F.);
#2644=ORIENTED_EDGE('',*,*,#1737,.T.);
#2645=ORIENTED_EDGE('',*,*,#1955,.T.);
#2646=ORIENTED_EDGE('',*,*,#1731,.T.);
#2647=ORIENTED_EDGE('',*,*,#1914,.F.);
#2648=ORIENTED_EDGE('',*,*,#1733,.T.);
#2649=ORIENTED_EDGE('',*,*,#1956,.T.);
#2650=ORIENTED_EDGE('',*,*,#1727,.T.);
#2651=ORIENTED_EDGE('',*,*,#1915,.F.);
#2652=ORIENTED_EDGE('',*,*,#1729,.T.);
#2653=ORIENTED_EDGE('',*,*,#1957,.T.);
#2654=ORIENTED_EDGE('',*,*,#1958,.F.);
#2655=ORIENTED_EDGE('',*,*,#1919,.F.);
#2656=ORIENTED_EDGE('',*,*,#1877,.F.);
#2657=ORIENTED_EDGE('',*,*,#1918,.F.);
#2658=ORIENTED_EDGE('',*,*,#1720,.T.);
#2659=ORIENTED_EDGE('',*,*,#1959,.F.);
#2660=ORIENTED_EDGE('',*,*,#1724,.T.);
#2661=ORIENTED_EDGE('',*,*,#1957,.F.);
#2662=ORIENTED_EDGE('',*,*,#1728,.T.);
#2663=ORIENTED_EDGE('',*,*,#1956,.F.);
#2664=ORIENTED_EDGE('',*,*,#1732,.T.);
#2665=ORIENTED_EDGE('',*,*,#1955,.F.);
#2666=ORIENTED_EDGE('',*,*,#1736,.T.);
#2667=ORIENTED_EDGE('',*,*,#1954,.F.);
#2668=ORIENTED_EDGE('',*,*,#1740,.T.);
#2669=ORIENTED_EDGE('',*,*,#1953,.F.);
#2670=ORIENTED_EDGE('',*,*,#1744,.T.);
#2671=ORIENTED_EDGE('',*,*,#1952,.F.);
#2672=ORIENTED_EDGE('',*,*,#1748,.T.);
#2673=ORIENTED_EDGE('',*,*,#1951,.F.);
#2674=ORIENTED_EDGE('',*,*,#1752,.T.);
#2675=ORIENTED_EDGE('',*,*,#1950,.F.);
#2676=ORIENTED_EDGE('',*,*,#1756,.T.);
#2677=ORIENTED_EDGE('',*,*,#1949,.F.);
#2678=ORIENTED_EDGE('',*,*,#1760,.T.);
#2679=ORIENTED_EDGE('',*,*,#1948,.F.);
#2680=ORIENTED_EDGE('',*,*,#1764,.T.);
#2681=ORIENTED_EDGE('',*,*,#1947,.F.);
#2682=ORIENTED_EDGE('',*,*,#1768,.T.);
#2683=ORIENTED_EDGE('',*,*,#1946,.F.);
#2684=ORIENTED_EDGE('',*,*,#1772,.T.);
#2685=ORIENTED_EDGE('',*,*,#1945,.F.);
#2686=ORIENTED_EDGE('',*,*,#1776,.T.);
#2687=ORIENTED_EDGE('',*,*,#1944,.F.);
#2688=ORIENTED_EDGE('',*,*,#1780,.T.);
#2689=ORIENTED_EDGE('',*,*,#1943,.F.);
#2690=ORIENTED_EDGE('',*,*,#1784,.T.);
#2691=ORIENTED_EDGE('',*,*,#1942,.F.);
#2692=ORIENTED_EDGE('',*,*,#1788,.T.);
#2693=ORIENTED_EDGE('',*,*,#1941,.F.);
#2694=ORIENTED_EDGE('',*,*,#1792,.T.);
#2695=ORIENTED_EDGE('',*,*,#1940,.F.);
#2696=ORIENTED_EDGE('',*,*,#1796,.T.);
#2697=ORIENTED_EDGE('',*,*,#1939,.F.);
#2698=ORIENTED_EDGE('',*,*,#1800,.T.);
#2699=ORIENTED_EDGE('',*,*,#1938,.F.);
#2700=ORIENTED_EDGE('',*,*,#1804,.T.);
#2701=ORIENTED_EDGE('',*,*,#1937,.F.);
#2702=ORIENTED_EDGE('',*,*,#1808,.T.);
#2703=ORIENTED_EDGE('',*,*,#1936,.F.);
#2704=ORIENTED_EDGE('',*,*,#1812,.T.);
#2705=ORIENTED_EDGE('',*,*,#1935,.F.);
#2706=ORIENTED_EDGE('',*,*,#1816,.T.);
#2707=ORIENTED_EDGE('',*,*,#1934,.F.);
#2708=ORIENTED_EDGE('',*,*,#1820,.T.);
#2709=ORIENTED_EDGE('',*,*,#1933,.F.);
#2710=ORIENTED_EDGE('',*,*,#1824,.T.);
#2711=ORIENTED_EDGE('',*,*,#1932,.F.);
#2712=ORIENTED_EDGE('',*,*,#1828,.T.);
#2713=ORIENTED_EDGE('',*,*,#1931,.F.);
#2714=ORIENTED_EDGE('',*,*,#1832,.T.);
#2715=ORIENTED_EDGE('',*,*,#1930,.F.);
#2716=ORIENTED_EDGE('',*,*,#1836,.T.);
#2717=ORIENTED_EDGE('',*,*,#1929,.F.);
#2718=ORIENTED_EDGE('',*,*,#1840,.T.);
#2719=ORIENTED_EDGE('',*,*,#1928,.F.);
#2720=ORIENTED_EDGE('',*,*,#1844,.T.);
#2721=ORIENTED_EDGE('',*,*,#1927,.F.);
#2722=ORIENTED_EDGE('',*,*,#1848,.T.);
#2723=ORIENTED_EDGE('',*,*,#1926,.F.);
#2724=ORIENTED_EDGE('',*,*,#1852,.T.);
#2725=ORIENTED_EDGE('',*,*,#1925,.F.);
#2726=ORIENTED_EDGE('',*,*,#1856,.T.);
#2727=ORIENTED_EDGE('',*,*,#1924,.F.);
#2728=ORIENTED_EDGE('',*,*,#1860,.T.);
#2729=ORIENTED_EDGE('',*,*,#1923,.F.);
#2730=ORIENTED_EDGE('',*,*,#1864,.T.);
#2731=ORIENTED_EDGE('',*,*,#1922,.F.);
#2732=ORIENTED_EDGE('',*,*,#1868,.T.);
#2733=ORIENTED_EDGE('',*,*,#1921,.F.);
#2734=ORIENTED_EDGE('',*,*,#1872,.T.);
#2735=ORIENTED_EDGE('',*,*,#1920,.F.);
#2736=ORIENTED_EDGE('',*,*,#1958,.T.);
#2737=ORIENTED_EDGE('',*,*,#1917,.F.);
#2738=ORIENTED_EDGE('',*,*,#1719,.T.);
#2739=ORIENTED_EDGE('',*,*,#1723,.T.);
#2740=ORIENTED_EDGE('',*,*,#1916,.F.);
#2741=ORIENTED_EDGE('',*,*,#1725,.T.);
#2742=ORIENTED_EDGE('',*,*,#1959,.T.);
#2743=ORIENTED_EDGE('',*,*,#1960,.F.);
#2744=ORIENTED_EDGE('',*,*,#1961,.T.);
#2745=ORIENTED_EDGE('',*,*,#1962,.T.);
#2746=ORIENTED_EDGE('',*,*,#1961,.F.);
#2747=ORIENTED_EDGE('',*,*,#1960,.T.);
#2748=ORIENTED_EDGE('',*,*,#1962,.F.);
#2749=ORIENTED_EDGE('',*,*,#1963,.F.);
#2750=ORIENTED_EDGE('',*,*,#1964,.T.);
#2751=ORIENTED_EDGE('',*,*,#1965,.T.);
#2752=ORIENTED_EDGE('',*,*,#1964,.F.);
#2753=ORIENTED_EDGE('',*,*,#1963,.T.);
#2754=ORIENTED_EDGE('',*,*,#1965,.F.);
#2755=ORIENTED_EDGE('',*,*,#1966,.F.);
#2756=ORIENTED_EDGE('',*,*,#1967,.T.);
#2757=ORIENTED_EDGE('',*,*,#1968,.T.);
#2758=ORIENTED_EDGE('',*,*,#1967,.F.);
#2759=ORIENTED_EDGE('',*,*,#1966,.T.);
#2760=ORIENTED_EDGE('',*,*,#1968,.F.);
#2761=PLANE('',#2972);
#2762=PLANE('',#2973);
#2763=PLANE('',#2974);
#2764=PLANE('',#2975);
#2765=PLANE('',#2976);
#2766=PLANE('',#2983);
#2767=PLANE('',#2987);
#2768=PLANE('',#2991);
#2769=PLANE('',#2995);
#2770=PLANE('',#2997);
#2771=PLANE('',#3004);
#2772=PLANE('',#3008);
#2773=PLANE('',#3012);
#2774=PLANE('',#3014);
#2775=PLANE('',#3015);
#2776=PLANE('',#3018);
#2777=PLANE('',#3019);
#2778=PLANE('',#3020);
#2779=PLANE('',#3029);
#2780=PLANE('',#3030);
#2781=PLANE('',#3031);
#2782=PLANE('',#3035);
#2783=PLANE('',#3036);
#2784=PLANE('',#3041);
#2785=PLANE('',#3042);
#2786=PLANE('',#3045);
#2787=PLANE('',#3046);
#2788=PLANE('',#3050);
#2789=PLANE('',#3051);
#2790=PLANE('',#3056);
#2791=PLANE('',#3057);
#2792=PLANE('',#3059);
#2793=PLANE('',#3061);
#2794=PLANE('',#3182);
#2795=PLANE('',#3304);
#2796=PLANE('',#3310);
#2797=PLANE('',#3311);
#2798=PLANE('',#3315);
#2799=PLANE('',#3316);
#2800=PLANE('',#3320);
#2801=PLANE('',#3321);
#2802=ADVANCED_FACE('',(#644),#2761,.F.);
#2803=ADVANCED_FACE('',(#645),#2762,.F.);
#2804=ADVANCED_FACE('',(#646),#2763,.F.);
#2805=ADVANCED_FACE('',(#647),#2764,.F.);
#2806=ADVANCED_FACE('',(#648),#2765,.F.);
#2807=ADVANCED_FACE('',(#649),#318,.T.);
#2808=ADVANCED_FACE('',(#650),#2766,.T.);
#2809=ADVANCED_FACE('',(#651),#319,.T.);
#2810=ADVANCED_FACE('',(#652),#2767,.T.);
#2811=ADVANCED_FACE('',(#653),#320,.T.);
#2812=ADVANCED_FACE('',(#654),#2768,.T.);
#2813=ADVANCED_FACE('',(#655),#321,.T.);
#2814=ADVANCED_FACE('',(#656),#2769,.T.);
#2815=ADVANCED_FACE('',(#657),#2770,.T.);
#2816=ADVANCED_FACE('',(#658),#322,.T.);
#2817=ADVANCED_FACE('',(#659),#323,.T.);
#2818=ADVANCED_FACE('',(#660),#2771,.T.);
#2819=ADVANCED_FACE('',(#661),#324,.T.);
#2820=ADVANCED_FACE('',(#662),#2772,.T.);
#2821=ADVANCED_FACE('',(#663),#325,.T.);
#2822=ADVANCED_FACE('',(#664),#2773,.F.);
#2823=ADVANCED_FACE('',(#665),#326,.F.);
#2824=ADVANCED_FACE('',(#666),#2774,.F.);
#2825=ADVANCED_FACE('',(#667),#2775,.F.);
#2826=ADVANCED_FACE('',(#668),#327,.F.);
#2827=ADVANCED_FACE('',(#669),#2776,.F.);
#2828=ADVANCED_FACE('',(#670),#2777,.T.);
#2829=ADVANCED_FACE('',(#671),#2778,.T.);
#2830=ADVANCED_FACE('',(#672),#328,.T.);
#2831=ADVANCED_FACE('',(#673),#329,.T.);
#2832=ADVANCED_FACE('',(#674),#2779,.T.);
#2833=ADVANCED_FACE('',(#675),#2780,.T.);
#2834=ADVANCED_FACE('',(#676),#2781,.T.);
#2835=ADVANCED_FACE('',(#677),#330,.T.);
#2836=ADVANCED_FACE('',(#678),#2782,.F.);
#2837=ADVANCED_FACE('',(#679),#2783,.F.);
#2838=ADVANCED_FACE('',(#680),#331,.T.);
#2839=ADVANCED_FACE('',(#681),#2784,.F.);
#2840=ADVANCED_FACE('',(#682),#2785,.T.);
#2841=ADVANCED_FACE('',(#683),#332,.F.);
#2842=ADVANCED_FACE('',(#684),#2786,.T.);
#2843=ADVANCED_FACE('',(#685),#2787,.F.);
#2844=ADVANCED_FACE('',(#686),#333,.T.);
#2845=ADVANCED_FACE('',(#687),#2788,.T.);
#2846=ADVANCED_FACE('',(#688),#2789,.T.);
#2847=ADVANCED_FACE('',(#689),#334,.T.);
#2848=ADVANCED_FACE('',(#690),#2790,.T.);
#2849=ADVANCED_FACE('',(#691),#2791,.T.);
#2850=ADVANCED_FACE('',(#692),#2792,.F.);
#2851=ADVANCED_FACE('',(#693),#335,.F.);
#2852=ADVANCED_FACE('',(#694),#2793,.F.);
#2853=ADVANCED_FACE('',(#695),#336,.F.);
#2854=ADVANCED_FACE('',(#696),#337,.F.);
#2855=ADVANCED_FACE('',(#697),#338,.F.);
#2856=ADVANCED_FACE('',(#698),#339,.F.);
#2857=ADVANCED_FACE('',(#699),#340,.F.);
#2858=ADVANCED_FACE('',(#700),#341,.F.);
#2859=ADVANCED_FACE('',(#701),#342,.F.);
#2860=ADVANCED_FACE('',(#702),#343,.F.);
#2861=ADVANCED_FACE('',(#703),#344,.F.);
#2862=ADVANCED_FACE('',(#704),#345,.F.);
#2863=ADVANCED_FACE('',(#705),#346,.F.);
#2864=ADVANCED_FACE('',(#706),#347,.F.);
#2865=ADVANCED_FACE('',(#707),#348,.F.);
#2866=ADVANCED_FACE('',(#708),#349,.F.);
#2867=ADVANCED_FACE('',(#709),#350,.F.);
#2868=ADVANCED_FACE('',(#710),#351,.F.);
#2869=ADVANCED_FACE('',(#711),#352,.F.);
#2870=ADVANCED_FACE('',(#712),#353,.F.);
#2871=ADVANCED_FACE('',(#713),#354,.F.);
#2872=ADVANCED_FACE('',(#714),#355,.F.);
#2873=ADVANCED_FACE('',(#715),#356,.F.);
#2874=ADVANCED_FACE('',(#716),#357,.F.);
#2875=ADVANCED_FACE('',(#717),#358,.F.);
#2876=ADVANCED_FACE('',(#718),#359,.F.);
#2877=ADVANCED_FACE('',(#719),#360,.F.);
#2878=ADVANCED_FACE('',(#720),#361,.F.);
#2879=ADVANCED_FACE('',(#721),#362,.F.);
#2880=ADVANCED_FACE('',(#722),#363,.F.);
#2881=ADVANCED_FACE('',(#723),#364,.F.);
#2882=ADVANCED_FACE('',(#724),#365,.F.);
#2883=ADVANCED_FACE('',(#725),#366,.F.);
#2884=ADVANCED_FACE('',(#726),#367,.F.);
#2885=ADVANCED_FACE('',(#727),#368,.F.);
#2886=ADVANCED_FACE('',(#728),#369,.F.);
#2887=ADVANCED_FACE('',(#729),#370,.F.);
#2888=ADVANCED_FACE('',(#730),#371,.F.);
#2889=ADVANCED_FACE('',(#731),#372,.F.);
#2890=ADVANCED_FACE('',(#732),#373,.F.);
#2891=ADVANCED_FACE('',(#733),#374,.F.);
#2892=ADVANCED_FACE('',(#734),#375,.F.);
#2893=ADVANCED_FACE('',(#735,#119),#2794,.T.);
#2894=ADVANCED_FACE('',(#736),#376,.T.);
#2895=ADVANCED_FACE('',(#737),#377,.T.);
#2896=ADVANCED_FACE('',(#738),#378,.T.);
#2897=ADVANCED_FACE('',(#739),#379,.T.);
#2898=ADVANCED_FACE('',(#740),#380,.T.);
#2899=ADVANCED_FACE('',(#741),#381,.T.);
#2900=ADVANCED_FACE('',(#742),#382,.T.);
#2901=ADVANCED_FACE('',(#743),#383,.T.);
#2902=ADVANCED_FACE('',(#744),#384,.T.);
#2903=ADVANCED_FACE('',(#745),#385,.T.);
#2904=ADVANCED_FACE('',(#746),#386,.T.);
#2905=ADVANCED_FACE('',(#747),#387,.T.);
#2906=ADVANCED_FACE('',(#748),#388,.T.);
#2907=ADVANCED_FACE('',(#749),#389,.T.);
#2908=ADVANCED_FACE('',(#750),#390,.T.);
#2909=ADVANCED_FACE('',(#751),#391,.T.);
#2910=ADVANCED_FACE('',(#752),#392,.T.);
#2911=ADVANCED_FACE('',(#753),#393,.T.);
#2912=ADVANCED_FACE('',(#754),#394,.T.);
#2913=ADVANCED_FACE('',(#755),#395,.T.);
#2914=ADVANCED_FACE('',(#756),#396,.T.);
#2915=ADVANCED_FACE('',(#757),#397,.T.);
#2916=ADVANCED_FACE('',(#758),#398,.T.);
#2917=ADVANCED_FACE('',(#759),#399,.T.);
#2918=ADVANCED_FACE('',(#760),#400,.T.);
#2919=ADVANCED_FACE('',(#761),#401,.T.);
#2920=ADVANCED_FACE('',(#762),#402,.T.);
#2921=ADVANCED_FACE('',(#763),#403,.T.);
#2922=ADVANCED_FACE('',(#764),#404,.T.);
#2923=ADVANCED_FACE('',(#765),#405,.T.);
#2924=ADVANCED_FACE('',(#766),#406,.T.);
#2925=ADVANCED_FACE('',(#767),#407,.T.);
#2926=ADVANCED_FACE('',(#768),#408,.T.);
#2927=ADVANCED_FACE('',(#769),#409,.T.);
#2928=ADVANCED_FACE('',(#770),#410,.T.);
#2929=ADVANCED_FACE('',(#771),#411,.T.);
#2930=ADVANCED_FACE('',(#772),#412,.T.);
#2931=ADVANCED_FACE('',(#773),#413,.T.);
#2932=ADVANCED_FACE('',(#774),#414,.T.);
#2933=ADVANCED_FACE('',(#775),#415,.F.);
#2934=ADVANCED_FACE('',(#776,#120),#2795,.F.);
#2935=ADVANCED_FACE('',(#777),#416,.T.);
#2936=ADVANCED_FACE('',(#778),#417,.T.);
#2937=ADVANCED_FACE('',(#779),#2796,.T.);
#2938=ADVANCED_FACE('',(#780),#2797,.F.);
#2939=ADVANCED_FACE('',(#781),#418,.T.);
#2940=ADVANCED_FACE('',(#782),#2798,.T.);
#2941=ADVANCED_FACE('',(#783),#2799,.F.);
#2942=ADVANCED_FACE('',(#784),#419,.T.);
#2943=ADVANCED_FACE('',(#785),#2800,.T.);
#2944=ADVANCED_FACE('',(#786),#2801,.F.);
#2945=CLOSED_SHELL('',(#2802,#2803,#2804,#2805,#2806,#2807,#2808,#2809,
#2810,#2811,#2812,#2813,#2814,#2815,#2816,#2817,#2818,#2819,#2820,#2821,
#2822,#2823,#2824,#2825,#2826,#2827,#2828,#2829,#2830,#2831,#2832,#2833,
#2834,#2835,#2836,#2837,#2838,#2839,#2840,#2841,#2842,#2843,#2844,#2845,
#2846,#2847,#2848,#2849,#2850,#2851,#2852));
#2946=CLOSED_SHELL('',(#2853,#2854,#2855,#2856,#2857,#2858,#2859,#2860,
#2861,#2862,#2863,#2864,#2865,#2866,#2867,#2868,#2869,#2870,#2871,#2872,
#2873,#2874,#2875,#2876,#2877,#2878,#2879,#2880,#2881,#2882,#2883,#2884,
#2885,#2886,#2887,#2888,#2889,#2890,#2891,#2892,#2893,#2894,#2895,#2896,
#2897,#2898,#2899,#2900,#2901,#2902,#2903,#2904,#2905,#2906,#2907,#2908,
#2909,#2910,#2911,#2912,#2913,#2914,#2915,#2916,#2917,#2918,#2919,#2920,
#2921,#2922,#2923,#2924,#2925,#2926,#2927,#2928,#2929,#2930,#2931,#2932,
#2933,#2934,#2935));
#2947=CLOSED_SHELL('',(#2936,#2937,#2938));
#2948=CLOSED_SHELL('',(#2939,#2940,#2941));
#2949=CLOSED_SHELL('',(#2942,#2943,#2944));
#2950=DERIVED_UNIT_ELEMENT(#2953,1.);
#2951=DERIVED_UNIT_ELEMENT(#5274,-3.);
#2952=DIMENSIONAL_EXPONENTS(0.,1.,0.,0.,0.,0.,0.);
#2953=(
CONVERSION_BASED_UNIT('gram',#2955)
MASS_UNIT()
NAMED_UNIT(#2952)
);
#2954=(
MASS_UNIT()
NAMED_UNIT(*)
SI_UNIT(.KILO.,.GRAM.)
);
#2955=MASS_MEASURE_WITH_UNIT(MASS_MEASURE(0.001),#2954);
#2956=DERIVED_UNIT((#2950,#2951));
#2957=MEASURE_REPRESENTATION_ITEM('density measure',
POSITIVE_RATIO_MEASURE(1.1),#2956);
#2958=PROPERTY_DEFINITION_REPRESENTATION(#2963,#2960);
#2959=PROPERTY_DEFINITION_REPRESENTATION(#2964,#2961);
#2960=REPRESENTATION('material name',(#2962),#5271);
#2961=REPRESENTATION('density',(#2957),#5271);
#2962=DESCRIPTIVE_REPRESENTATION_ITEM('Pl\X\E1stico PC/ABS',
'Pl\X\E1stico PC/ABS');
#2963=PROPERTY_DEFINITION('material property','material name',#5281);
#2964=PROPERTY_DEFINITION('material property','density of part',#5281);
#2965=DATE_TIME_ROLE('creation_date');
#2966=APPLIED_DATE_AND_TIME_ASSIGNMENT(#2967,#2965,(#5281));
#2967=DATE_AND_TIME(#2968,#2969);
#2968=CALENDAR_DATE(2026,9,6);
#2969=LOCAL_TIME(0,0,0.,#2970);
#2970=COORDINATED_UNIVERSAL_TIME_OFFSET(0,0,.BEHIND.);
#2971=AXIS2_PLACEMENT_3D('',#4312,#3355,#3356);
#2972=AXIS2_PLACEMENT_3D('',#4313,#3357,#3358);
#2973=AXIS2_PLACEMENT_3D('',#4322,#3363,#3364);
#2974=AXIS2_PLACEMENT_3D('',#4328,#3368,#3369);
#2975=AXIS2_PLACEMENT_3D('',#4334,#3373,#3374);
#2976=AXIS2_PLACEMENT_3D('',#4336,#3376,#3377);
#2977=AXIS2_PLACEMENT_3D('',#4340,#3379,#3380);
#2978=AXIS2_PLACEMENT_3D('',#4346,#3383,#3384);
#2979=AXIS2_PLACEMENT_3D('',#4352,#3387,#3388);
#2980=AXIS2_PLACEMENT_3D('',#4358,#3391,#3392);
#2981=AXIS2_PLACEMENT_3D('',#4362,#3395,#3396);
#2982=AXIS2_PLACEMENT_3D('',#4366,#3398,#3399);
#2983=AXIS2_PLACEMENT_3D('',#4368,#3401,#3402);
#2984=AXIS2_PLACEMENT_3D('',#4394,#3416,#3417);
#2985=AXIS2_PLACEMENT_3D('',#4396,#3418,#3419);
#2986=AXIS2_PLACEMENT_3D('',#4398,#3420,#3421);
#2987=AXIS2_PLACEMENT_3D('',#4400,#3423,#3424);
#2988=AXIS2_PLACEMENT_3D('',#4408,#3429,#3430);
#2989=AXIS2_PLACEMENT_3D('',#4411,#3431,#3432);
#2990=AXIS2_PLACEMENT_3D('',#4415,#3434,#3435);
#2991=AXIS2_PLACEMENT_3D('',#4417,#3437,#3438);
#2992=AXIS2_PLACEMENT_3D('',#4422,#3442,#3443);
#2993=AXIS2_PLACEMENT_3D('',#4424,#3444,#3445);
#2994=AXIS2_PLACEMENT_3D('',#4426,#3446,#3447);
#2995=AXIS2_PLACEMENT_3D('',#4428,#3449,#3450);
#2996=AXIS2_PLACEMENT_3D('',#4431,#3452,#3453);
#2997=AXIS2_PLACEMENT_3D('',#4432,#3454,#3455);
#2998=AXIS2_PLACEMENT_3D('',#4452,#3467,#3468);
#2999=AXIS2_PLACEMENT_3D('',#4454,#3469,#3470);
#3000=AXIS2_PLACEMENT_3D('',#4457,#3472,#3473);
#3001=AXIS2_PLACEMENT_3D('',#4458,#3474,#3475);
#3002=AXIS2_PLACEMENT_3D('',#4460,#3476,#3477);
#3003=AXIS2_PLACEMENT_3D('',#4462,#3478,#3479);
#3004=AXIS2_PLACEMENT_3D('',#4464,#3481,#3482);
#3005=AXIS2_PLACEMENT_3D('',#4467,#3485,#3486);
#3006=AXIS2_PLACEMENT_3D('',#4469,#3487,#3488);
#3007=AXIS2_PLACEMENT_3D('',#4471,#3489,#3490);
#3008=AXIS2_PLACEMENT_3D('',#4473,#3492,#3493);
#3009=AXIS2_PLACEMENT_3D('',#4479,#3496,#3497);
#3010=AXIS2_PLACEMENT_3D('',#4481,#3499,#3500);
#3011=AXIS2_PLACEMENT_3D('',#4484,#3502,#3503);
#3012=AXIS2_PLACEMENT_3D('',#4485,#3504,#3505);
#3013=AXIS2_PLACEMENT_3D('',#4488,#3508,#3509);
#3014=AXIS2_PLACEMENT_3D('',#4490,#3511,#3512);
#3015=AXIS2_PLACEMENT_3D('',#4491,#3513,#3514);
#3016=AXIS2_PLACEMENT_3D('',#4495,#3517,#3518);
#3017=AXIS2_PLACEMENT_3D('',#4498,#3520,#3521);
#3018=AXIS2_PLACEMENT_3D('',#4499,#3522,#3523);
#3019=AXIS2_PLACEMENT_3D('',#4501,#3525,#3526);
#3020=AXIS2_PLACEMENT_3D('',#4502,#3527,#3528);
#3021=AXIS2_PLACEMENT_3D('',#4504,#3530,#3531);
#3022=AXIS2_PLACEMENT_3D('',#4507,#3532,#3533);
#3023=AXIS2_PLACEMENT_3D('',#4511,#3535,#3536);
#3024=AXIS2_PLACEMENT_3D('',#4513,#3538,#3539);
#3025=AXIS2_PLACEMENT_3D('',#4514,#3540,#3541);
#3026=AXIS2_PLACEMENT_3D('',#4515,#3542,#3543);
#3027=AXIS2_PLACEMENT_3D('',#4516,#3544,#3545);
#3028=AXIS2_PLACEMENT_3D('',#4517,#3546,#3547);
#3029=AXIS2_PLACEMENT_3D('',#4518,#3548,#3549);
#3030=AXIS2_PLACEMENT_3D('',#4519,#3550,#3551);
#3031=AXIS2_PLACEMENT_3D('',#4520,#3552,#3553);
#3032=AXIS2_PLACEMENT_3D('',#4521,#3554,#3555);
#3033=AXIS2_PLACEMENT_3D('',#4523,#3556,#3557);
#3034=AXIS2_PLACEMENT_3D('',#4525,#3558,#3559);
#3035=AXIS2_PLACEMENT_3D('',#4527,#3561,#3562);
#3036=AXIS2_PLACEMENT_3D('',#4533,#3566,#3567);
#3037=AXIS2_PLACEMENT_3D('',#4535,#3568,#3569);
#3038=AXIS2_PLACEMENT_3D('',#4541,#3572,#3573);
#3039=AXIS2_PLACEMENT_3D('',#4543,#3575,#3576);
#3040=AXIS2_PLACEMENT_3D('',#4545,#3577,#3578);
#3041=AXIS2_PLACEMENT_3D('',#4547,#3580,#3581);
#3042=AXIS2_PLACEMENT_3D('',#4551,#3584,#3585);
#3043=AXIS2_PLACEMENT_3D('',#4555,#3588,#3589);
#3044=AXIS2_PLACEMENT_3D('',#4557,#3590,#3591);
#3045=AXIS2_PLACEMENT_3D('',#4559,#3593,#3594);
#3046=AXIS2_PLACEMENT_3D('',#4561,#3596,#3597);
#3047=AXIS2_PLACEMENT_3D('',#4562,#3598,#3599);
#3048=AXIS2_PLACEMENT_3D('',#4564,#3600,#3601);
#3049=AXIS2_PLACEMENT_3D('',#4567,#3603,#3604);
#3050=AXIS2_PLACEMENT_3D('',#4568,#3605,#3606);
#3051=AXIS2_PLACEMENT_3D('',#4574,#3610,#3611);
#3052=AXIS2_PLACEMENT_3D('',#4576,#3612,#3613);
#3053=AXIS2_PLACEMENT_3D('',#4582,#3616,#3617);
#3054=AXIS2_PLACEMENT_3D('',#4584,#3619,#3620);
#3055=AXIS2_PLACEMENT_3D('',#4586,#3621,#3622);
#3056=AXIS2_PLACEMENT_3D('',#4588,#3624,#3625);
#3057=AXIS2_PLACEMENT_3D('',#4592,#3628,#3629);
#3058=AXIS2_PLACEMENT_3D('',#4596,#3631,#3632);
#3059=AXIS2_PLACEMENT_3D('',#4598,#3634,#3635);
#3060=AXIS2_PLACEMENT_3D('',#4600,#3637,#3638);
#3061=AXIS2_PLACEMENT_3D('',#4602,#3640,#3641);
#3062=AXIS2_PLACEMENT_3D('',#4603,#3642,#3643);
#3063=AXIS2_PLACEMENT_3D('',#4605,#3644,#3645);
#3064=AXIS2_PLACEMENT_3D('',#4608,#3647,#3648);
#3065=AXIS2_PLACEMENT_3D('',#4609,#3649,#3650);
#3066=AXIS2_PLACEMENT_3D('',#4612,#3651,#3652);
#3067=AXIS2_PLACEMENT_3D('',#4616,#3654,#3655);
#3068=AXIS2_PLACEMENT_3D('',#4618,#3657,#3658);
#3069=AXIS2_PLACEMENT_3D('',#4621,#3659,#3660);
#3070=AXIS2_PLACEMENT_3D('',#4625,#3662,#3663);
#3071=AXIS2_PLACEMENT_3D('',#4627,#3665,#3666);
#3072=AXIS2_PLACEMENT_3D('',#4630,#3667,#3668);
#3073=AXIS2_PLACEMENT_3D('',#4634,#3670,#3671);
#3074=AXIS2_PLACEMENT_3D('',#4636,#3673,#3674);
#3075=AXIS2_PLACEMENT_3D('',#4639,#3675,#3676);
#3076=AXIS2_PLACEMENT_3D('',#4643,#3678,#3679);
#3077=AXIS2_PLACEMENT_3D('',#4645,#3681,#3682);
#3078=AXIS2_PLACEMENT_3D('',#4648,#3683,#3684);
#3079=AXIS2_PLACEMENT_3D('',#4652,#3686,#3687);
#3080=AXIS2_PLACEMENT_3D('',#4654,#3689,#3690);
#3081=AXIS2_PLACEMENT_3D('',#4657,#3691,#3692);
#3082=AXIS2_PLACEMENT_3D('',#4661,#3694,#3695);
#3083=AXIS2_PLACEMENT_3D('',#4663,#3697,#3698);
#3084=AXIS2_PLACEMENT_3D('',#4666,#3699,#3700);
#3085=AXIS2_PLACEMENT_3D('',#4670,#3702,#3703);
#3086=AXIS2_PLACEMENT_3D('',#4672,#3705,#3706);
#3087=AXIS2_PLACEMENT_3D('',#4675,#3707,#3708);
#3088=AXIS2_PLACEMENT_3D('',#4679,#3710,#3711);
#3089=AXIS2_PLACEMENT_3D('',#4681,#3713,#3714);
#3090=AXIS2_PLACEMENT_3D('',#4684,#3715,#3716);
#3091=AXIS2_PLACEMENT_3D('',#4688,#3718,#3719);
#3092=AXIS2_PLACEMENT_3D('',#4690,#3721,#3722);
#3093=AXIS2_PLACEMENT_3D('',#4693,#3723,#3724);
#3094=AXIS2_PLACEMENT_3D('',#4697,#3726,#3727);
#3095=AXIS2_PLACEMENT_3D('',#4699,#3729,#3730);
#3096=AXIS2_PLACEMENT_3D('',#4702,#3731,#3732);
#3097=AXIS2_PLACEMENT_3D('',#4706,#3734,#3735);
#3098=AXIS2_PLACEMENT_3D('',#4708,#3737,#3738);
#3099=AXIS2_PLACEMENT_3D('',#4711,#3739,#3740);
#3100=AXIS2_PLACEMENT_3D('',#4715,#3742,#3743);
#3101=AXIS2_PLACEMENT_3D('',#4717,#3745,#3746);
#3102=AXIS2_PLACEMENT_3D('',#4720,#3747,#3748);
#3103=AXIS2_PLACEMENT_3D('',#4724,#3750,#3751);
#3104=AXIS2_PLACEMENT_3D('',#4726,#3753,#3754);
#3105=AXIS2_PLACEMENT_3D('',#4729,#3755,#3756);
#3106=AXIS2_PLACEMENT_3D('',#4733,#3758,#3759);
#3107=AXIS2_PLACEMENT_3D('',#4735,#3761,#3762);
#3108=AXIS2_PLACEMENT_3D('',#4738,#3763,#3764);
#3109=AXIS2_PLACEMENT_3D('',#4742,#3766,#3767);
#3110=AXIS2_PLACEMENT_3D('',#4744,#3769,#3770);
#3111=AXIS2_PLACEMENT_3D('',#4747,#3771,#3772);
#3112=AXIS2_PLACEMENT_3D('',#4751,#3774,#3775);
#3113=AXIS2_PLACEMENT_3D('',#4753,#3777,#3778);
#3114=AXIS2_PLACEMENT_3D('',#4756,#3779,#3780);
#3115=AXIS2_PLACEMENT_3D('',#4760,#3782,#3783);
#3116=AXIS2_PLACEMENT_3D('',#4762,#3785,#3786);
#3117=AXIS2_PLACEMENT_3D('',#4765,#3787,#3788);
#3118=AXIS2_PLACEMENT_3D('',#4769,#3790,#3791);
#3119=AXIS2_PLACEMENT_3D('',#4771,#3793,#3794);
#3120=AXIS2_PLACEMENT_3D('',#4774,#3795,#3796);
#3121=AXIS2_PLACEMENT_3D('',#4778,#3798,#3799);
#3122=AXIS2_PLACEMENT_3D('',#4780,#3801,#3802);
#3123=AXIS2_PLACEMENT_3D('',#4783,#3803,#3804);
#3124=AXIS2_PLACEMENT_3D('',#4787,#3806,#3807);
#3125=AXIS2_PLACEMENT_3D('',#4789,#3809,#3810);
#3126=AXIS2_PLACEMENT_3D('',#4792,#3811,#3812);
#3127=AXIS2_PLACEMENT_3D('',#4796,#3814,#3815);
#3128=AXIS2_PLACEMENT_3D('',#4798,#3817,#3818);
#3129=AXIS2_PLACEMENT_3D('',#4801,#3819,#3820);
#3130=AXIS2_PLACEMENT_3D('',#4805,#3822,#3823);
#3131=AXIS2_PLACEMENT_3D('',#4807,#3825,#3826);
#3132=AXIS2_PLACEMENT_3D('',#4810,#3827,#3828);
#3133=AXIS2_PLACEMENT_3D('',#4814,#3830,#3831);
#3134=AXIS2_PLACEMENT_3D('',#4816,#3833,#3834);
#3135=AXIS2_PLACEMENT_3D('',#4819,#3835,#3836);
#3136=AXIS2_PLACEMENT_3D('',#4823,#3838,#3839);
#3137=AXIS2_PLACEMENT_3D('',#4825,#3841,#3842);
#3138=AXIS2_PLACEMENT_3D('',#4828,#3843,#3844);
#3139=AXIS2_PLACEMENT_3D('',#4832,#3846,#3847);
#3140=AXIS2_PLACEMENT_3D('',#4834,#3849,#3850);
#3141=AXIS2_PLACEMENT_3D('',#4837,#3851,#3852);
#3142=AXIS2_PLACEMENT_3D('',#4841,#3854,#3855);
#3143=AXIS2_PLACEMENT_3D('',#4843,#3857,#3858);
#3144=AXIS2_PLACEMENT_3D('',#4846,#3859,#3860);
#3145=AXIS2_PLACEMENT_3D('',#4850,#3862,#3863);
#3146=AXIS2_PLACEMENT_3D('',#4852,#3865,#3866);
#3147=AXIS2_PLACEMENT_3D('',#4855,#3867,#3868);
#3148=AXIS2_PLACEMENT_3D('',#4859,#3870,#3871);
#3149=AXIS2_PLACEMENT_3D('',#4861,#3873,#3874);
#3150=AXIS2_PLACEMENT_3D('',#4864,#3875,#3876);
#3151=AXIS2_PLACEMENT_3D('',#4868,#3878,#3879);
#3152=AXIS2_PLACEMENT_3D('',#4870,#3881,#3882);
#3153=AXIS2_PLACEMENT_3D('',#4873,#3883,#3884);
#3154=AXIS2_PLACEMENT_3D('',#4877,#3886,#3887);
#3155=AXIS2_PLACEMENT_3D('',#4879,#3889,#3890);
#3156=AXIS2_PLACEMENT_3D('',#4882,#3891,#3892);
#3157=AXIS2_PLACEMENT_3D('',#4886,#3894,#3895);
#3158=AXIS2_PLACEMENT_3D('',#4888,#3897,#3898);
#3159=AXIS2_PLACEMENT_3D('',#4891,#3899,#3900);
#3160=AXIS2_PLACEMENT_3D('',#4895,#3902,#3903);
#3161=AXIS2_PLACEMENT_3D('',#4897,#3905,#3906);
#3162=AXIS2_PLACEMENT_3D('',#4900,#3907,#3908);
#3163=AXIS2_PLACEMENT_3D('',#4904,#3910,#3911);
#3164=AXIS2_PLACEMENT_3D('',#4906,#3913,#3914);
#3165=AXIS2_PLACEMENT_3D('',#4909,#3915,#3916);
#3166=AXIS2_PLACEMENT_3D('',#4913,#3918,#3919);
#3167=AXIS2_PLACEMENT_3D('',#4915,#3921,#3922);
#3168=AXIS2_PLACEMENT_3D('',#4918,#3923,#3924);
#3169=AXIS2_PLACEMENT_3D('',#4922,#3926,#3927);
#3170=AXIS2_PLACEMENT_3D('',#4924,#3929,#3930);
#3171=AXIS2_PLACEMENT_3D('',#4927,#3931,#3932);
#3172=AXIS2_PLACEMENT_3D('',#4931,#3934,#3935);
#3173=AXIS2_PLACEMENT_3D('',#4933,#3937,#3938);
#3174=AXIS2_PLACEMENT_3D('',#4936,#3939,#3940);
#3175=AXIS2_PLACEMENT_3D('',#4940,#3942,#3943);
#3176=AXIS2_PLACEMENT_3D('',#4942,#3945,#3946);
#3177=AXIS2_PLACEMENT_3D('',#4945,#3947,#3948);
#3178=AXIS2_PLACEMENT_3D('',#4949,#3950,#3951);
#3179=AXIS2_PLACEMENT_3D('',#4951,#3953,#3954);
#3180=AXIS2_PLACEMENT_3D('',#4954,#3955,#3956);
#3181=AXIS2_PLACEMENT_3D('',#4958,#3958,#3959);
#3182=AXIS2_PLACEMENT_3D('',#4960,#3961,#3962);
#3183=AXIS2_PLACEMENT_3D('',#4962,#3963,#3964);
#3184=AXIS2_PLACEMENT_3D('',#4964,#3965,#3966);
#3185=AXIS2_PLACEMENT_3D('',#4965,#3967,#3968);
#3186=AXIS2_PLACEMENT_3D('',#4966,#3969,#3970);
#3187=AXIS2_PLACEMENT_3D('',#4967,#3971,#3972);
#3188=AXIS2_PLACEMENT_3D('',#4968,#3973,#3974);
#3189=AXIS2_PLACEMENT_3D('',#4969,#3975,#3976);
#3190=AXIS2_PLACEMENT_3D('',#4970,#3977,#3978);
#3191=AXIS2_PLACEMENT_3D('',#4971,#3979,#3980);
#3192=AXIS2_PLACEMENT_3D('',#4972,#3981,#3982);
#3193=AXIS2_PLACEMENT_3D('',#4973,#3983,#3984);
#3194=AXIS2_PLACEMENT_3D('',#4974,#3985,#3986);
#3195=AXIS2_PLACEMENT_3D('',#4975,#3987,#3988);
#3196=AXIS2_PLACEMENT_3D('',#4976,#3989,#3990);
#3197=AXIS2_PLACEMENT_3D('',#4977,#3991,#3992);
#3198=AXIS2_PLACEMENT_3D('',#4978,#3993,#3994);
#3199=AXIS2_PLACEMENT_3D('',#4979,#3995,#3996);
#3200=AXIS2_PLACEMENT_3D('',#4980,#3997,#3998);
#3201=AXIS2_PLACEMENT_3D('',#4981,#3999,#4000);
#3202=AXIS2_PLACEMENT_3D('',#4982,#4001,#4002);
#3203=AXIS2_PLACEMENT_3D('',#4983,#4003,#4004);
#3204=AXIS2_PLACEMENT_3D('',#4984,#4005,#4006);
#3205=AXIS2_PLACEMENT_3D('',#4985,#4007,#4008);
#3206=AXIS2_PLACEMENT_3D('',#4986,#4009,#4010);
#3207=AXIS2_PLACEMENT_3D('',#4987,#4011,#4012);
#3208=AXIS2_PLACEMENT_3D('',#4988,#4013,#4014);
#3209=AXIS2_PLACEMENT_3D('',#4989,#4015,#4016);
#3210=AXIS2_PLACEMENT_3D('',#4990,#4017,#4018);
#3211=AXIS2_PLACEMENT_3D('',#4991,#4019,#4020);
#3212=AXIS2_PLACEMENT_3D('',#4992,#4021,#4022);
#3213=AXIS2_PLACEMENT_3D('',#4993,#4023,#4024);
#3214=AXIS2_PLACEMENT_3D('',#4994,#4025,#4026);
#3215=AXIS2_PLACEMENT_3D('',#4995,#4027,#4028);
#3216=AXIS2_PLACEMENT_3D('',#4996,#4029,#4030);
#3217=AXIS2_PLACEMENT_3D('',#4997,#4031,#4032);
#3218=AXIS2_PLACEMENT_3D('',#4998,#4033,#4034);
#3219=AXIS2_PLACEMENT_3D('',#4999,#4035,#4036);
#3220=AXIS2_PLACEMENT_3D('',#5000,#4037,#4038);
#3221=AXIS2_PLACEMENT_3D('',#5001,#4039,#4040);
#3222=AXIS2_PLACEMENT_3D('',#5002,#4041,#4042);
#3223=AXIS2_PLACEMENT_3D('',#5003,#4043,#4044);
#3224=AXIS2_PLACEMENT_3D('',#5004,#4045,#4046);
#3225=AXIS2_PLACEMENT_3D('',#5006,#4047,#4048);
#3226=AXIS2_PLACEMENT_3D('',#5008,#4050,#4051);
#3227=AXIS2_PLACEMENT_3D('',#5011,#4053,#4054);
#3228=AXIS2_PLACEMENT_3D('',#5012,#4055,#4056);
#3229=AXIS2_PLACEMENT_3D('',#5013,#4057,#4058);
#3230=AXIS2_PLACEMENT_3D('',#5014,#4059,#4060);
#3231=AXIS2_PLACEMENT_3D('',#5015,#4061,#4062);
#3232=AXIS2_PLACEMENT_3D('',#5016,#4063,#4064);
#3233=AXIS2_PLACEMENT_3D('',#5017,#4065,#4066);
#3234=AXIS2_PLACEMENT_3D('',#5018,#4067,#4068);
#3235=AXIS2_PLACEMENT_3D('',#5019,#4069,#4070);
#3236=AXIS2_PLACEMENT_3D('',#5020,#4071,#4072);
#3237=AXIS2_PLACEMENT_3D('',#5021,#4073,#4074);
#3238=AXIS2_PLACEMENT_3D('',#5022,#4075,#4076);
#3239=AXIS2_PLACEMENT_3D('',#5023,#4077,#4078);
#3240=AXIS2_PLACEMENT_3D('',#5024,#4079,#4080);
#3241=AXIS2_PLACEMENT_3D('',#5025,#4081,#4082);
#3242=AXIS2_PLACEMENT_3D('',#5026,#4083,#4084);
#3243=AXIS2_PLACEMENT_3D('',#5027,#4085,#4086);
#3244=AXIS2_PLACEMENT_3D('',#5028,#4087,#4088);
#3245=AXIS2_PLACEMENT_3D('',#5029,#4089,#4090);
#3246=AXIS2_PLACEMENT_3D('',#5030,#4091,#4092);
#3247=AXIS2_PLACEMENT_3D('',#5031,#4093,#4094);
#3248=AXIS2_PLACEMENT_3D('',#5032,#4095,#4096);
#3249=AXIS2_PLACEMENT_3D('',#5033,#4097,#4098);
#3250=AXIS2_PLACEMENT_3D('',#5034,#4099,#4100);
#3251=AXIS2_PLACEMENT_3D('',#5035,#4101,#4102);
#3252=AXIS2_PLACEMENT_3D('',#5036,#4103,#4104);
#3253=AXIS2_PLACEMENT_3D('',#5037,#4105,#4106);
#3254=AXIS2_PLACEMENT_3D('',#5038,#4107,#4108);
#3255=AXIS2_PLACEMENT_3D('',#5039,#4109,#4110);
#3256=AXIS2_PLACEMENT_3D('',#5040,#4111,#4112);
#3257=AXIS2_PLACEMENT_3D('',#5041,#4113,#4114);
#3258=AXIS2_PLACEMENT_3D('',#5042,#4115,#4116);
#3259=AXIS2_PLACEMENT_3D('',#5043,#4117,#4118);
#3260=AXIS2_PLACEMENT_3D('',#5044,#4119,#4120);
#3261=AXIS2_PLACEMENT_3D('',#5045,#4121,#4122);
#3262=AXIS2_PLACEMENT_3D('',#5046,#4123,#4124);
#3263=AXIS2_PLACEMENT_3D('',#5047,#4125,#4126);
#3264=AXIS2_PLACEMENT_3D('',#5048,#4127,#4128);
#3265=AXIS2_PLACEMENT_3D('',#5049,#4129,#4130);
#3266=AXIS2_PLACEMENT_3D('',#5050,#4131,#4132);
#3267=AXIS2_PLACEMENT_3D('',#5051,#4133,#4134);
#3268=AXIS2_PLACEMENT_3D('',#5052,#4135,#4136);
#3269=AXIS2_PLACEMENT_3D('',#5053,#4137,#4138);
#3270=AXIS2_PLACEMENT_3D('',#5054,#4139,#4140);
#3271=AXIS2_PLACEMENT_3D('',#5055,#4141,#4142);
#3272=AXIS2_PLACEMENT_3D('',#5056,#4143,#4144);
#3273=AXIS2_PLACEMENT_3D('',#5057,#4145,#4146);
#3274=AXIS2_PLACEMENT_3D('',#5058,#4147,#4148);
#3275=AXIS2_PLACEMENT_3D('',#5059,#4149,#4150);
#3276=AXIS2_PLACEMENT_3D('',#5060,#4151,#4152);
#3277=AXIS2_PLACEMENT_3D('',#5061,#4153,#4154);
#3278=AXIS2_PLACEMENT_3D('',#5062,#4155,#4156);
#3279=AXIS2_PLACEMENT_3D('',#5063,#4157,#4158);
#3280=AXIS2_PLACEMENT_3D('',#5064,#4159,#4160);
#3281=AXIS2_PLACEMENT_3D('',#5065,#4161,#4162);
#3282=AXIS2_PLACEMENT_3D('',#5066,#4163,#4164);
#3283=AXIS2_PLACEMENT_3D('',#5067,#4165,#4166);
#3284=AXIS2_PLACEMENT_3D('',#5068,#4167,#4168);
#3285=AXIS2_PLACEMENT_3D('',#5069,#4169,#4170);
#3286=AXIS2_PLACEMENT_3D('',#5070,#4171,#4172);
#3287=AXIS2_PLACEMENT_3D('',#5071,#4173,#4174);
#3288=AXIS2_PLACEMENT_3D('',#5072,#4175,#4176);
#3289=AXIS2_PLACEMENT_3D('',#5073,#4177,#4178);
#3290=AXIS2_PLACEMENT_3D('',#5074,#4179,#4180);
#3291=AXIS2_PLACEMENT_3D('',#5075,#4181,#4182);
#3292=AXIS2_PLACEMENT_3D('',#5076,#4183,#4184);
#3293=AXIS2_PLACEMENT_3D('',#5077,#4185,#4186);
#3294=AXIS2_PLACEMENT_3D('',#5078,#4187,#4188);
#3295=AXIS2_PLACEMENT_3D('',#5079,#4189,#4190);
#3296=AXIS2_PLACEMENT_3D('',#5080,#4191,#4192);
#3297=AXIS2_PLACEMENT_3D('',#5081,#4193,#4194);
#3298=AXIS2_PLACEMENT_3D('',#5082,#4195,#4196);
#3299=AXIS2_PLACEMENT_3D('',#5083,#4197,#4198);
#3300=AXIS2_PLACEMENT_3D('',#5084,#4199,#4200);
#3301=AXIS2_PLACEMENT_3D('',#5085,#4201,#4202);
#3302=AXIS2_PLACEMENT_3D('',#5086,#4203,#4204);
#3303=AXIS2_PLACEMENT_3D('',#5087,#4205,#4206);
#3304=AXIS2_PLACEMENT_3D('',#5088,#4207,#4208);
#3305=AXIS2_PLACEMENT_3D('',#5089,#4209,#4210);
#3306=AXIS2_PLACEMENT_3D('',#5090,#4211,#4212);
#3307=AXIS2_PLACEMENT_3D('',#5091,#4213,#4214);
#3308=AXIS2_PLACEMENT_3D('',#5093,#4215,#4216);
#3309=AXIS2_PLACEMENT_3D('',#5096,#4218,#4219);
#3310=AXIS2_PLACEMENT_3D('',#5097,#4220,#4221);
#3311=AXIS2_PLACEMENT_3D('',#5098,#4222,#4223);
#3312=AXIS2_PLACEMENT_3D('',#5099,#4224,#4225);
#3313=AXIS2_PLACEMENT_3D('',#5101,#4226,#4227);
#3314=AXIS2_PLACEMENT_3D('',#5104,#4229,#4230);
#3315=AXIS2_PLACEMENT_3D('',#5105,#4231,#4232);
#3316=AXIS2_PLACEMENT_3D('',#5106,#4233,#4234);
#3317=AXIS2_PLACEMENT_3D('',#5107,#4235,#4236);
#3318=AXIS2_PLACEMENT_3D('',#5109,#4237,#4238);
#3319=AXIS2_PLACEMENT_3D('',#5112,#4240,#4241);
#3320=AXIS2_PLACEMENT_3D('',#5113,#4242,#4243);
#3321=AXIS2_PLACEMENT_3D('',#5114,#4244,#4245);
#3322=AXIS2_PLACEMENT_3D('',#5146,#4246,#4247);
#3323=AXIS2_PLACEMENT_3D('',#5160,#4248,#4249);
#3324=AXIS2_PLACEMENT_3D('',#5161,#4250,#4251);
#3325=AXIS2_PLACEMENT_3D('',#5167,#4252,#4253);
#3326=AXIS2_PLACEMENT_3D('',#5170,#4254,#4255);
#3327=AXIS2_PLACEMENT_3D('',#5172,#4256,#4257);
#3328=AXIS2_PLACEMENT_3D('',#5173,#4258,#4259);
#3329=AXIS2_PLACEMENT_3D('',#5177,#4260,#4261);
#3330=AXIS2_PLACEMENT_3D('',#5180,#4262,#4263);
#3331=AXIS2_PLACEMENT_3D('',#5192,#4264,#4265);
#3332=AXIS2_PLACEMENT_3D('',#5205,#4266,#4267);
#3333=AXIS2_PLACEMENT_3D('',#5221,#4268,#4269);
#3334=AXIS2_PLACEMENT_3D('',#5234,#4270,#4271);
#3335=AXIS2_PLACEMENT_3D('',#5236,#4272,#4273);
#3336=AXIS2_PLACEMENT_3D('',#5237,#4274,#4275);
#3337=AXIS2_PLACEMENT_3D('',#5239,#4276,#4277);
#3338=AXIS2_PLACEMENT_3D('',#5242,#4278,#4279);
#3339=AXIS2_PLACEMENT_3D('view reference',#5248,#4280,#4281);
#3340=AXIS2_PLACEMENT_3D('view window',#5249,#4282,#4283);
#3341=AXIS2_PLACEMENT_3D('view reference',#5251,#4284,#4285);
#3342=AXIS2_PLACEMENT_3D('view window',#5252,#4286,#4287);
#3343=AXIS2_PLACEMENT_3D('view reference',#5254,#4288,#4289);
#3344=AXIS2_PLACEMENT_3D('view window',#5255,#4290,#4291);
#3345=AXIS2_PLACEMENT_3D('view reference',#5257,#4292,#4293);
#3346=AXIS2_PLACEMENT_3D('view window',#5258,#4294,#4295);
#3347=AXIS2_PLACEMENT_3D('view reference',#5260,#4296,#4297);
#3348=AXIS2_PLACEMENT_3D('view window',#5261,#4298,#4299);
#3349=AXIS2_PLACEMENT_3D('',#5263,#4300,#4301);
#3350=AXIS2_PLACEMENT_3D('',#5264,#4302,#4303);
#3351=AXIS2_PLACEMENT_3D('',#5265,#4304,#4305);
#3352=AXIS2_PLACEMENT_3D('',#5266,#4306,#4307);
#3353=AXIS2_PLACEMENT_3D('',#5267,#4308,#4309);
#3354=AXIS2_PLACEMENT_3D('',#5268,#4310,#4311);
#3355=DIRECTION('axis',(0.,0.,1.));
#3356=DIRECTION('refdir',(1.,0.,0.));
#3357=DIRECTION('center_axis',(1.,0.,7.40148683083437E-16));
#3358=DIRECTION('ref_axis',(7.40148683083437E-16,0.,-1.));
#3359=DIRECTION('',(7.40148683083437E-16,0.,-1.));
#3360=DIRECTION('',(0.,1.,0.));
#3361=DIRECTION('',(7.40148683083437E-16,0.,-1.));
#3362=DIRECTION('',(0.,1.,0.));
#3363=DIRECTION('center_axis',(0.,0.,1.));
#3364=DIRECTION('ref_axis',(1.,0.,0.));
#3365=DIRECTION('',(1.,0.,0.));
#3366=DIRECTION('',(0.,1.,0.));
#3367=DIRECTION('',(1.,0.,0.));
#3368=DIRECTION('center_axis',(-1.,0.,1.85037170770859E-16));
#3369=DIRECTION('ref_axis',(1.85037170770859E-16,0.,1.));
#3370=DIRECTION('',(1.85037170770859E-16,0.,1.));
#3371=DIRECTION('',(0.,-1.,0.));
#3372=DIRECTION('',(1.85037170770859E-16,0.,1.));
#3373=DIRECTION('center_axis',(0.,1.,0.));
#3374=DIRECTION('ref_axis',(0.,0.,1.));
#3375=DIRECTION('',(-1.,0.,0.));
#3376=DIRECTION('center_axis',(0.,1.,0.));
#3377=DIRECTION('ref_axis',(0.,0.,1.));
#3378=DIRECTION('',(-1.,0.,0.));
#3379=DIRECTION('center_axis',(0.,1.,0.));
#3380=DIRECTION('ref_axis',(0.707106781186548,0.,-0.707106781186548));
#3381=DIRECTION('',(0.,0.,-1.));
#3382=DIRECTION('',(-1.,0.,0.));
#3383=DIRECTION('center_axis',(0.,1.,0.));
#3384=DIRECTION('ref_axis',(-1.,0.,-2.22044604925031E-15));
#3385=DIRECTION('',(0.,0.,1.));
#3386=DIRECTION('',(1.,0.,0.));
#3387=DIRECTION('center_axis',(0.,1.,0.));
#3388=DIRECTION('ref_axis',(-0.707106781186548,0.,0.707106781186548));
#3389=DIRECTION('',(0.,0.,1.));
#3390=DIRECTION('',(1.,0.,0.));
#3391=DIRECTION('center_axis',(0.,1.,0.));
#3392=DIRECTION('ref_axis',(1.,0.,2.22044604925031E-15));
#3393=DIRECTION('',(0.,0.,-1.));
#3394=DIRECTION('',(-1.,0.,0.));
#3395=DIRECTION('center_axis',(0.,1.,0.));
#3396=DIRECTION('ref_axis',(0.707106781186548,0.,-0.707106781186548));
#3397=DIRECTION('',(0.,1.,0.));
#3398=DIRECTION('center_axis',(0.,1.,0.));
#3399=DIRECTION('ref_axis',(0.707106781186548,0.,-0.707106781186548));
#3400=DIRECTION('',(0.,-1.,0.));
#3401=DIRECTION('center_axis',(1.,0.,0.));
#3402=DIRECTION('ref_axis',(0.,0.,-1.));
#3403=DIRECTION('',(0.,0.,-1.));
#3404=DIRECTION('',(0.,-1.,0.));
#3405=DIRECTION('',(0.,0.,-1.));
#3406=DIRECTION('',(0.,-1.,0.));
#3407=DIRECTION('',(0.,0.,-1.));
#3408=DIRECTION('',(0.,0.,-1.));
#3409=DIRECTION('',(0.,1.,0.));
#3410=DIRECTION('',(0.,0.,1.));
#3411=DIRECTION('',(0.,1.,0.));
#3412=DIRECTION('',(0.,0.,1.));
#3413=DIRECTION('',(0.,1.,0.));
#3414=DIRECTION('',(0.,0.,-1.));
#3415=DIRECTION('',(0.,-1.,0.));
#3416=DIRECTION('center_axis',(0.,1.,0.));
#3417=DIRECTION('ref_axis',(0.707106781186548,0.,-0.707106781186548));
#3418=DIRECTION('center_axis',(0.,-1.,0.));
#3419=DIRECTION('ref_axis',(0.707106781186548,0.,-0.707106781186548));
#3420=DIRECTION('center_axis',(0.,-1.,0.));
#3421=DIRECTION('ref_axis',(0.707106781186548,0.,-0.707106781186548));
#3422=DIRECTION('',(0.,1.,0.));
#3423=DIRECTION('center_axis',(0.,0.,-1.));
#3424=DIRECTION('ref_axis',(-1.,0.,0.));
#3425=DIRECTION('',(-1.,0.,0.));
#3426=DIRECTION('',(0.,-1.,0.));
#3427=DIRECTION('',(-1.,0.,0.));
#3428=DIRECTION('',(-1.,0.,0.));
#3429=DIRECTION('center_axis',(0.,1.,0.));
#3430=DIRECTION('ref_axis',(-0.707106781186548,0.,-0.707106781186548));
#3431=DIRECTION('center_axis',(0.,1.,0.));
#3432=DIRECTION('ref_axis',(-0.707106781186548,0.,-0.707106781186548));
#3433=DIRECTION('',(0.,1.,0.));
#3434=DIRECTION('center_axis',(0.,1.,0.));
#3435=DIRECTION('ref_axis',(-0.707106781186548,0.,-0.707106781186548));
#3436=DIRECTION('',(0.,-1.,0.));
#3437=DIRECTION('center_axis',(0.,0.,-1.));
#3438=DIRECTION('ref_axis',(-1.,0.,0.));
#3439=DIRECTION('',(0.,1.,0.));
#3440=DIRECTION('',(-1.,0.,0.));
#3441=DIRECTION('',(1.,0.,0.));
#3442=DIRECTION('center_axis',(0.,1.,0.));
#3443=DIRECTION('ref_axis',(-0.707106781186548,0.,-0.707106781186548));
#3444=DIRECTION('center_axis',(0.,-1.,0.));
#3445=DIRECTION('ref_axis',(-0.707106781186548,0.,-0.707106781186548));
#3446=DIRECTION('center_axis',(0.,-1.,0.));
#3447=DIRECTION('ref_axis',(-0.707106781186548,0.,-0.707106781186548));
#3448=DIRECTION('',(0.,1.,0.));
#3449=DIRECTION('center_axis',(0.,1.,0.));
#3450=DIRECTION('ref_axis',(0.,0.,1.));
#3451=DIRECTION('',(0.,0.,1.));
#3452=DIRECTION('center_axis',(0.,-1.,0.));
#3453=DIRECTION('ref_axis',(1.,0.,0.));
#3454=DIRECTION('center_axis',(-1.,0.,0.));
#3455=DIRECTION('ref_axis',(0.,0.,1.));
#3456=DIRECTION('',(0.,0.,1.));
#3457=DIRECTION('',(0.,-1.,0.));
#3458=DIRECTION('',(0.,-1.,0.));
#3459=DIRECTION('',(0.,0.,1.));
#3460=DIRECTION('',(0.,-1.,0.));
#3461=DIRECTION('',(0.,0.,1.));
#3462=DIRECTION('',(0.,-1.,0.));
#3463=DIRECTION('',(0.,0.,1.));
#3464=DIRECTION('',(0.,0.,-1.));
#3465=DIRECTION('',(0.,1.,0.));
#3466=DIRECTION('',(0.,0.,-1.));
#3467=DIRECTION('center_axis',(0.,1.,0.));
#3468=DIRECTION('ref_axis',(0.707106781186548,0.,0.707106781186548));
#3469=DIRECTION('center_axis',(0.,-1.,0.));
#3470=DIRECTION('ref_axis',(0.707106781186548,0.,0.707106781186548));
#3471=DIRECTION('',(0.,-1.,0.));
#3472=DIRECTION('center_axis',(0.,-1.,0.));
#3473=DIRECTION('ref_axis',(0.707106781186548,0.,0.707106781186548));
#3474=DIRECTION('center_axis',(0.,1.,0.));
#3475=DIRECTION('ref_axis',(-0.707106781186548,0.,0.707106781186548));
#3476=DIRECTION('center_axis',(0.,-1.,0.));
#3477=DIRECTION('ref_axis',(-0.707106781186548,0.,0.707106781186548));
#3478=DIRECTION('center_axis',(0.,-1.,0.));
#3479=DIRECTION('ref_axis',(-0.707106781186548,0.,0.707106781186548));
#3480=DIRECTION('',(0.,1.,0.));
#3481=DIRECTION('center_axis',(0.,0.,1.));
#3482=DIRECTION('ref_axis',(1.,0.,0.));
#3483=DIRECTION('',(1.,0.,0.));
#3484=DIRECTION('',(1.,0.,0.));
#3485=DIRECTION('center_axis',(0.,1.,0.));
#3486=DIRECTION('ref_axis',(0.707106781186548,0.,0.707106781186548));
#3487=DIRECTION('center_axis',(0.,1.,0.));
#3488=DIRECTION('ref_axis',(0.707106781186548,0.,0.707106781186548));
#3489=DIRECTION('center_axis',(0.,1.,0.));
#3490=DIRECTION('ref_axis',(0.707106781186548,0.,0.707106781186548));
#3491=DIRECTION('',(0.,-1.,0.));
#3492=DIRECTION('center_axis',(0.,-1.,0.));
#3493=DIRECTION('ref_axis',(0.,0.,-1.));
#3494=DIRECTION('',(1.,0.,0.));
#3495=DIRECTION('',(0.,0.,1.));
#3496=DIRECTION('center_axis',(0.,1.,0.));
#3497=DIRECTION('ref_axis',(-1.,0.,-2.22044604925031E-15));
#3498=DIRECTION('',(-1.,0.,0.));
#3499=DIRECTION('center_axis',(0.,1.,0.));
#3500=DIRECTION('ref_axis',(-0.707106781186548,0.,0.707106781186548));
#3501=DIRECTION('',(0.,1.,0.));
#3502=DIRECTION('center_axis',(0.,1.,0.));
#3503=DIRECTION('ref_axis',(-0.707106781186548,0.,0.707106781186548));
#3504=DIRECTION('center_axis',(-1.,0.,0.));
#3505=DIRECTION('ref_axis',(0.,0.,1.));
#3506=DIRECTION('',(0.,1.,0.));
#3507=DIRECTION('',(0.,1.,0.));
#3508=DIRECTION('center_axis',(0.,1.,0.));
#3509=DIRECTION('ref_axis',(-1.,0.,-2.22044604925031E-15));
#3510=DIRECTION('',(0.,1.,0.));
#3511=DIRECTION('center_axis',(0.,0.,-1.));
#3512=DIRECTION('ref_axis',(-1.,0.,0.));
#3513=DIRECTION('center_axis',(1.,0.,0.));
#3514=DIRECTION('ref_axis',(0.,0.,-1.));
#3515=DIRECTION('',(0.,1.,0.));
#3516=DIRECTION('',(0.,0.,-1.));
#3517=DIRECTION('center_axis',(0.,1.,0.));
#3518=DIRECTION('ref_axis',(1.,0.,2.22044604925031E-15));
#3519=DIRECTION('',(0.,1.,0.));
#3520=DIRECTION('center_axis',(0.,1.,0.));
#3521=DIRECTION('ref_axis',(1.,0.,2.22044604925031E-15));
#3522=DIRECTION('center_axis',(0.,0.,1.));
#3523=DIRECTION('ref_axis',(1.,0.,0.));
#3524=DIRECTION('',(1.,0.,0.));
#3525=DIRECTION('center_axis',(0.,-1.,0.));
#3526=DIRECTION('ref_axis',(0.,0.,-1.));
#3527=DIRECTION('center_axis',(0.,0.,1.));
#3528=DIRECTION('ref_axis',(1.,0.,0.));
#3529=DIRECTION('',(-1.,0.,0.));
#3530=DIRECTION('center_axis',(0.,1.,0.));
#3531=DIRECTION('ref_axis',(-1.83697019872103E-16,0.,1.));
#3532=DIRECTION('center_axis',(0.,-1.,0.));
#3533=DIRECTION('ref_axis',(1.,0.,0.));
#3534=DIRECTION('',(0.,1.,0.));
#3535=DIRECTION('center_axis',(0.,1.,0.));
#3536=DIRECTION('ref_axis',(1.,0.,0.));
#3537=DIRECTION('',(0.,1.,0.));
#3538=DIRECTION('center_axis',(0.,1.,0.));
#3539=DIRECTION('ref_axis',(-3.82856869892695E-16,0.,-1.));
#3540=DIRECTION('center_axis',(0.,-1.,0.));
#3541=DIRECTION('ref_axis',(1.,0.,0.));
#3542=DIRECTION('center_axis',(0.,-1.,0.));
#3543=DIRECTION('ref_axis',(1.,0.,0.));
#3544=DIRECTION('center_axis',(0.,-1.,0.));
#3545=DIRECTION('ref_axis',(1.,0.,0.));
#3546=DIRECTION('center_axis',(0.,1.,0.));
#3547=DIRECTION('ref_axis',(1.,0.,0.));
#3548=DIRECTION('center_axis',(0.,1.,0.));
#3549=DIRECTION('ref_axis',(0.,0.,1.));
#3550=DIRECTION('center_axis',(0.,1.,0.));
#3551=DIRECTION('ref_axis',(0.,0.,1.));
#3552=DIRECTION('center_axis',(0.,1.,0.));
#3553=DIRECTION('ref_axis',(0.,0.,1.));
#3554=DIRECTION('center_axis',(0.,-1.,0.));
#3555=DIRECTION('ref_axis',(-0.707106781186549,0.,-0.707106781186546));
#3556=DIRECTION('center_axis',(0.,1.,0.));
#3557=DIRECTION('ref_axis',(-0.707106781186549,0.,-0.707106781186546));
#3558=DIRECTION('center_axis',(0.,-1.,0.));
#3559=DIRECTION('ref_axis',(-0.707106781186549,0.,-0.707106781186546));
#3560=DIRECTION('',(0.,-1.,0.));
#3561=DIRECTION('center_axis',(0.,0.,1.));
#3562=DIRECTION('ref_axis',(1.,0.,0.));
#3563=DIRECTION('',(-1.,0.,0.));
#3564=DIRECTION('',(0.,-1.,0.));
#3565=DIRECTION('',(1.,0.,0.));
#3566=DIRECTION('center_axis',(0.,-1.,0.));
#3567=DIRECTION('ref_axis',(-1.,0.,0.));
#3568=DIRECTION('center_axis',(0.,-1.,0.));
#3569=DIRECTION('ref_axis',(0.707106781186549,0.,-0.707106781186546));
#3570=DIRECTION('',(-1.,0.,0.));
#3571=DIRECTION('',(-7.93016446160827E-16,0.,1.));
#3572=DIRECTION('center_axis',(0.,-1.,0.));
#3573=DIRECTION('ref_axis',(0.599999999999999,0.,-0.800000000000001));
#3574=DIRECTION('',(0.,0.,-1.));
#3575=DIRECTION('center_axis',(0.,1.,0.));
#3576=DIRECTION('ref_axis',(0.707106781186549,0.,-0.707106781186546));
#3577=DIRECTION('center_axis',(0.,1.,0.));
#3578=DIRECTION('ref_axis',(0.707106781186549,0.,-0.707106781186546));
#3579=DIRECTION('',(0.,1.,0.));
#3580=DIRECTION('center_axis',(0.,0.,1.));
#3581=DIRECTION('ref_axis',(1.,0.,0.));
#3582=DIRECTION('',(1.,0.,0.));
#3583=DIRECTION('',(0.,1.,0.));
#3584=DIRECTION('center_axis',(-1.,0.,-7.93016446160827E-16));
#3585=DIRECTION('ref_axis',(7.93016446160827E-16,0.,-1.));
#3586=DIRECTION('',(7.93016446160827E-16,0.,-1.));
#3587=DIRECTION('',(0.,-1.,0.));
#3588=DIRECTION('center_axis',(0.,1.,0.));
#3589=DIRECTION('ref_axis',(2.77555756156289E-16,0.,1.));
#3590=DIRECTION('center_axis',(0.,1.,0.));
#3591=DIRECTION('ref_axis',(0.599999999999999,0.,-0.800000000000001));
#3592=DIRECTION('',(0.,-1.,0.));
#3593=DIRECTION('center_axis',(1.,0.,0.));
#3594=DIRECTION('ref_axis',(0.,0.,1.));
#3595=DIRECTION('',(0.,0.,1.));
#3596=DIRECTION('center_axis',(0.,1.,0.));
#3597=DIRECTION('ref_axis',(1.,0.,0.));
#3598=DIRECTION('center_axis',(0.,-1.,0.));
#3599=DIRECTION('ref_axis',(-0.707106781186549,0.,0.707106781186546));
#3600=DIRECTION('center_axis',(0.,1.,0.));
#3601=DIRECTION('ref_axis',(-0.707106781186549,0.,0.707106781186546));
#3602=DIRECTION('',(0.,1.,0.));
#3603=DIRECTION('center_axis',(0.,-1.,0.));
#3604=DIRECTION('ref_axis',(-0.707106781186549,0.,0.707106781186546));
#3605=DIRECTION('center_axis',(0.,0.,1.));
#3606=DIRECTION('ref_axis',(1.,0.,0.));
#3607=DIRECTION('',(1.,0.,0.));
#3608=DIRECTION('',(0.,1.,0.));
#3609=DIRECTION('',(-1.,0.,0.));
#3610=DIRECTION('center_axis',(0.,-1.,0.));
#3611=DIRECTION('ref_axis',(1.,0.,0.));
#3612=DIRECTION('center_axis',(0.,1.,0.));
#3613=DIRECTION('ref_axis',(0.707106781186549,0.,0.707106781186546));
#3614=DIRECTION('',(1.,0.,0.));
#3615=DIRECTION('',(-7.93016446160827E-16,0.,-1.));
#3616=DIRECTION('center_axis',(0.,1.,0.));
#3617=DIRECTION('ref_axis',(0.599999999999999,0.,0.800000000000001));
#3618=DIRECTION('',(0.,0.,1.));
#3619=DIRECTION('center_axis',(0.,1.,0.));
#3620=DIRECTION('ref_axis',(0.707106781186549,0.,0.707106781186546));
#3621=DIRECTION('center_axis',(0.,-1.,0.));
#3622=DIRECTION('ref_axis',(0.707106781186549,0.,0.707106781186546));
#3623=DIRECTION('',(0.,-1.,0.));
#3624=DIRECTION('center_axis',(0.,0.,1.));
#3625=DIRECTION('ref_axis',(1.,0.,0.));
#3626=DIRECTION('',(-1.,0.,0.));
#3627=DIRECTION('',(0.,-1.,0.));
#3628=DIRECTION('center_axis',(0.,1.,0.));
#3629=DIRECTION('ref_axis',(-1.,0.,0.));
#3630=DIRECTION('',(0.,0.,-1.));
#3631=DIRECTION('center_axis',(0.,-1.,0.));
#3632=DIRECTION('ref_axis',(0.599999999999999,0.,0.800000000000001));
#3633=DIRECTION('',(7.93016446160827E-16,0.,1.));
#3634=DIRECTION('center_axis',(1.,0.,-7.93016446160827E-16));
#3635=DIRECTION('ref_axis',(7.93016446160827E-16,0.,1.));
#3636=DIRECTION('',(0.,-1.,0.));
#3637=DIRECTION('center_axis',(0.,-1.,0.));
#3638=DIRECTION('ref_axis',(2.77555756156289E-16,0.,-1.));
#3639=DIRECTION('',(0.,-1.,0.));
#3640=DIRECTION('center_axis',(-1.,0.,0.));
#3641=DIRECTION('ref_axis',(0.,0.,-1.));
#3642=DIRECTION('center_axis',(0.,-1.,0.));
#3643=DIRECTION('ref_axis',(1.,0.,0.));
#3644=DIRECTION('center_axis',(0.,-1.,0.));
#3645=DIRECTION('ref_axis',(1.,0.,0.));
#3646=DIRECTION('',(0.,-1.,0.));
#3647=DIRECTION('center_axis',(0.,1.,0.));
#3648=DIRECTION('ref_axis',(1.,0.,0.));
#3649=DIRECTION('center_axis',(0.,-1.,0.));
#3650=DIRECTION('ref_axis',(0.987688340595138,0.,0.156434465040231));
#3651=DIRECTION('center_axis',(0.,1.,0.));
#3652=DIRECTION('ref_axis',(0.987688340595138,0.,0.156434465040231));
#3653=DIRECTION('',(0.,-1.,0.));
#3654=DIRECTION('center_axis',(0.,-1.,0.));
#3655=DIRECTION('ref_axis',(0.987688340595138,0.,0.156434465040231));
#3656=DIRECTION('',(0.,1.,0.));
#3657=DIRECTION('center_axis',(0.,-1.,0.));
#3658=DIRECTION('ref_axis',(0.951056516295153,0.,0.309016994374948));
#3659=DIRECTION('center_axis',(0.,1.,0.));
#3660=DIRECTION('ref_axis',(0.951056516295153,0.,0.309016994374948));
#3661=DIRECTION('',(0.,-1.,0.));
#3662=DIRECTION('center_axis',(0.,-1.,0.));
#3663=DIRECTION('ref_axis',(0.951056516295153,0.,0.309016994374948));
#3664=DIRECTION('',(0.,1.,0.));
#3665=DIRECTION('center_axis',(0.,-1.,0.));
#3666=DIRECTION('ref_axis',(0.891006524188368,0.,0.453990499739547));
#3667=DIRECTION('center_axis',(0.,1.,0.));
#3668=DIRECTION('ref_axis',(0.891006524188368,0.,0.453990499739547));
#3669=DIRECTION('',(0.,-1.,0.));
#3670=DIRECTION('center_axis',(0.,-1.,0.));
#3671=DIRECTION('ref_axis',(0.891006524188368,0.,0.453990499739547));
#3672=DIRECTION('',(0.,1.,0.));
#3673=DIRECTION('center_axis',(0.,-1.,0.));
#3674=DIRECTION('ref_axis',(0.809016994374947,0.,0.587785252292473));
#3675=DIRECTION('center_axis',(0.,1.,0.));
#3676=DIRECTION('ref_axis',(0.809016994374947,0.,0.587785252292473));
#3677=DIRECTION('',(0.,-1.,0.));
#3678=DIRECTION('center_axis',(0.,-1.,0.));
#3679=DIRECTION('ref_axis',(0.809016994374947,0.,0.587785252292473));
#3680=DIRECTION('',(0.,1.,0.));
#3681=DIRECTION('center_axis',(0.,-1.,0.));
#3682=DIRECTION('ref_axis',(0.707106781186547,0.,0.707106781186548));
#3683=DIRECTION('center_axis',(0.,1.,0.));
#3684=DIRECTION('ref_axis',(0.707106781186547,0.,0.707106781186548));
#3685=DIRECTION('',(0.,-1.,0.));
#3686=DIRECTION('center_axis',(0.,-1.,0.));
#3687=DIRECTION('ref_axis',(0.707106781186547,0.,0.707106781186548));
#3688=DIRECTION('',(0.,1.,0.));
#3689=DIRECTION('center_axis',(0.,-1.,0.));
#3690=DIRECTION('ref_axis',(0.587785252292473,0.,0.809016994374948));
#3691=DIRECTION('center_axis',(0.,1.,0.));
#3692=DIRECTION('ref_axis',(0.587785252292473,0.,0.809016994374948));
#3693=DIRECTION('',(0.,-1.,0.));
#3694=DIRECTION('center_axis',(0.,-1.,0.));
#3695=DIRECTION('ref_axis',(0.587785252292473,0.,0.809016994374948));
#3696=DIRECTION('',(0.,1.,0.));
#3697=DIRECTION('center_axis',(0.,-1.,0.));
#3698=DIRECTION('ref_axis',(0.453990499739547,0.,0.891006524188368));
#3699=DIRECTION('center_axis',(0.,1.,0.));
#3700=DIRECTION('ref_axis',(0.453990499739547,0.,0.891006524188368));
#3701=DIRECTION('',(0.,-1.,0.));
#3702=DIRECTION('center_axis',(0.,-1.,0.));
#3703=DIRECTION('ref_axis',(0.453990499739547,0.,0.891006524188368));
#3704=DIRECTION('',(0.,1.,0.));
#3705=DIRECTION('center_axis',(0.,-1.,0.));
#3706=DIRECTION('ref_axis',(0.309016994374947,0.,0.951056516295154));
#3707=DIRECTION('center_axis',(0.,1.,0.));
#3708=DIRECTION('ref_axis',(0.309016994374947,0.,0.951056516295154));
#3709=DIRECTION('',(0.,-1.,0.));
#3710=DIRECTION('center_axis',(0.,-1.,0.));
#3711=DIRECTION('ref_axis',(0.309016994374947,0.,0.951056516295154));
#3712=DIRECTION('',(0.,1.,0.));
#3713=DIRECTION('center_axis',(0.,-1.,0.));
#3714=DIRECTION('ref_axis',(0.156434465040231,0.,0.987688340595138));
#3715=DIRECTION('center_axis',(0.,1.,0.));
#3716=DIRECTION('ref_axis',(0.156434465040231,0.,0.987688340595138));
#3717=DIRECTION('',(0.,-1.,0.));
#3718=DIRECTION('center_axis',(0.,-1.,0.));
#3719=DIRECTION('ref_axis',(0.156434465040231,0.,0.987688340595138));
#3720=DIRECTION('',(0.,1.,0.));
#3721=DIRECTION('center_axis',(0.,-1.,0.));
#3722=DIRECTION('ref_axis',(-1.95156391047391E-16,0.,1.));
#3723=DIRECTION('center_axis',(0.,1.,0.));
#3724=DIRECTION('ref_axis',(-1.95156391047391E-16,0.,1.));
#3725=DIRECTION('',(0.,-1.,0.));
#3726=DIRECTION('center_axis',(0.,-1.,0.));
#3727=DIRECTION('ref_axis',(-1.95156391047391E-16,0.,1.));
#3728=DIRECTION('',(0.,1.,0.));
#3729=DIRECTION('center_axis',(0.,-1.,0.));
#3730=DIRECTION('ref_axis',(-0.156434465040231,0.,0.987688340595138));
#3731=DIRECTION('center_axis',(0.,1.,0.));
#3732=DIRECTION('ref_axis',(-0.156434465040231,0.,0.987688340595138));
#3733=DIRECTION('',(0.,-1.,0.));
#3734=DIRECTION('center_axis',(0.,-1.,0.));
#3735=DIRECTION('ref_axis',(-0.156434465040231,0.,0.987688340595138));
#3736=DIRECTION('',(0.,1.,0.));
#3737=DIRECTION('center_axis',(0.,-1.,0.));
#3738=DIRECTION('ref_axis',(-0.309016994374948,0.,0.951056516295153));
#3739=DIRECTION('center_axis',(0.,1.,0.));
#3740=DIRECTION('ref_axis',(-0.309016994374948,0.,0.951056516295153));
#3741=DIRECTION('',(0.,-1.,0.));
#3742=DIRECTION('center_axis',(0.,-1.,0.));
#3743=DIRECTION('ref_axis',(-0.309016994374948,0.,0.951056516295153));
#3744=DIRECTION('',(0.,1.,0.));
#3745=DIRECTION('center_axis',(0.,-1.,0.));
#3746=DIRECTION('ref_axis',(-0.453990499739547,0.,0.891006524188368));
#3747=DIRECTION('center_axis',(0.,1.,0.));
#3748=DIRECTION('ref_axis',(-0.453990499739547,0.,0.891006524188368));
#3749=DIRECTION('',(0.,-1.,0.));
#3750=DIRECTION('center_axis',(0.,-1.,0.));
#3751=DIRECTION('ref_axis',(-0.453990499739547,0.,0.891006524188368));
#3752=DIRECTION('',(0.,1.,0.));
#3753=DIRECTION('center_axis',(0.,-1.,0.));
#3754=DIRECTION('ref_axis',(-0.587785252292473,0.,0.809016994374947));
#3755=DIRECTION('center_axis',(0.,1.,0.));
#3756=DIRECTION('ref_axis',(-0.587785252292473,0.,0.809016994374947));
#3757=DIRECTION('',(0.,-1.,0.));
#3758=DIRECTION('center_axis',(0.,-1.,0.));
#3759=DIRECTION('ref_axis',(-0.587785252292473,0.,0.809016994374947));
#3760=DIRECTION('',(0.,1.,0.));
#3761=DIRECTION('center_axis',(0.,-1.,0.));
#3762=DIRECTION('ref_axis',(-0.707106781186548,0.,0.707106781186547));
#3763=DIRECTION('center_axis',(0.,1.,0.));
#3764=DIRECTION('ref_axis',(-0.707106781186548,0.,0.707106781186547));
#3765=DIRECTION('',(0.,-1.,0.));
#3766=DIRECTION('center_axis',(0.,-1.,0.));
#3767=DIRECTION('ref_axis',(-0.707106781186548,0.,0.707106781186547));
#3768=DIRECTION('',(0.,1.,0.));
#3769=DIRECTION('center_axis',(0.,-1.,0.));
#3770=DIRECTION('ref_axis',(-0.809016994374947,0.,0.587785252292473));
#3771=DIRECTION('center_axis',(0.,1.,0.));
#3772=DIRECTION('ref_axis',(-0.809016994374947,0.,0.587785252292473));
#3773=DIRECTION('',(0.,-1.,0.));
#3774=DIRECTION('center_axis',(0.,-1.,0.));
#3775=DIRECTION('ref_axis',(-0.809016994374947,0.,0.587785252292473));
#3776=DIRECTION('',(0.,1.,0.));
#3777=DIRECTION('center_axis',(0.,-1.,0.));
#3778=DIRECTION('ref_axis',(-0.891006524188368,0.,0.453990499739547));
#3779=DIRECTION('center_axis',(0.,1.,0.));
#3780=DIRECTION('ref_axis',(-0.891006524188368,0.,0.453990499739547));
#3781=DIRECTION('',(0.,-1.,0.));
#3782=DIRECTION('center_axis',(0.,-1.,0.));
#3783=DIRECTION('ref_axis',(-0.891006524188368,0.,0.453990499739547));
#3784=DIRECTION('',(0.,1.,0.));
#3785=DIRECTION('center_axis',(0.,-1.,0.));
#3786=DIRECTION('ref_axis',(-0.951056516295154,0.,0.309016994374947));
#3787=DIRECTION('center_axis',(0.,1.,0.));
#3788=DIRECTION('ref_axis',(-0.951056516295154,0.,0.309016994374947));
#3789=DIRECTION('',(0.,-1.,0.));
#3790=DIRECTION('center_axis',(0.,-1.,0.));
#3791=DIRECTION('ref_axis',(-0.951056516295154,0.,0.309016994374947));
#3792=DIRECTION('',(0.,1.,0.));
#3793=DIRECTION('center_axis',(0.,-1.,0.));
#3794=DIRECTION('ref_axis',(-0.987688340595138,0.,0.156434465040231));
#3795=DIRECTION('center_axis',(0.,1.,0.));
#3796=DIRECTION('ref_axis',(-0.987688340595138,0.,0.156434465040231));
#3797=DIRECTION('',(0.,-1.,0.));
#3798=DIRECTION('center_axis',(0.,-1.,0.));
#3799=DIRECTION('ref_axis',(-0.987688340595138,0.,0.156434465040231));
#3800=DIRECTION('',(0.,1.,0.));
#3801=DIRECTION('center_axis',(0.,-1.,0.));
#3802=DIRECTION('ref_axis',(-1.,0.,-1.0842021724855E-16));
#3803=DIRECTION('center_axis',(0.,1.,0.));
#3804=DIRECTION('ref_axis',(-1.,0.,-1.0842021724855E-16));
#3805=DIRECTION('',(0.,-1.,0.));
#3806=DIRECTION('center_axis',(0.,-1.,0.));
#3807=DIRECTION('ref_axis',(-1.,0.,-1.0842021724855E-16));
#3808=DIRECTION('',(0.,1.,0.));
#3809=DIRECTION('center_axis',(0.,-1.,0.));
#3810=DIRECTION('ref_axis',(-0.987688340595138,0.,-0.156434465040231));
#3811=DIRECTION('center_axis',(0.,1.,0.));
#3812=DIRECTION('ref_axis',(-0.987688340595138,0.,-0.156434465040231));
#3813=DIRECTION('',(0.,-1.,0.));
#3814=DIRECTION('center_axis',(0.,-1.,0.));
#3815=DIRECTION('ref_axis',(-0.987688340595138,0.,-0.156434465040231));
#3816=DIRECTION('',(0.,1.,0.));
#3817=DIRECTION('center_axis',(0.,-1.,0.));
#3818=DIRECTION('ref_axis',(-0.951056516295154,0.,-0.309016994374948));
#3819=DIRECTION('center_axis',(0.,1.,0.));
#3820=DIRECTION('ref_axis',(-0.951056516295154,0.,-0.309016994374948));
#3821=DIRECTION('',(0.,-1.,0.));
#3822=DIRECTION('center_axis',(0.,-1.,0.));
#3823=DIRECTION('ref_axis',(-0.951056516295154,0.,-0.309016994374948));
#3824=DIRECTION('',(0.,1.,0.));
#3825=DIRECTION('center_axis',(0.,-1.,0.));
#3826=DIRECTION('ref_axis',(-0.891006524188368,0.,-0.453990499739547));
#3827=DIRECTION('center_axis',(0.,1.,0.));
#3828=DIRECTION('ref_axis',(-0.891006524188368,0.,-0.453990499739547));
#3829=DIRECTION('',(0.,-1.,0.));
#3830=DIRECTION('center_axis',(0.,-1.,0.));
#3831=DIRECTION('ref_axis',(-0.891006524188368,0.,-0.453990499739547));
#3832=DIRECTION('',(0.,1.,0.));
#3833=DIRECTION('center_axis',(0.,-1.,0.));
#3834=DIRECTION('ref_axis',(-0.809016994374947,0.,-0.587785252292473));
#3835=DIRECTION('center_axis',(0.,1.,0.));
#3836=DIRECTION('ref_axis',(-0.809016994374947,0.,-0.587785252292473));
#3837=DIRECTION('',(0.,-1.,0.));
#3838=DIRECTION('center_axis',(0.,-1.,0.));
#3839=DIRECTION('ref_axis',(-0.809016994374947,0.,-0.587785252292473));
#3840=DIRECTION('',(0.,1.,0.));
#3841=DIRECTION('center_axis',(0.,-1.,0.));
#3842=DIRECTION('ref_axis',(-0.707106781186548,0.,-0.707106781186548));
#3843=DIRECTION('center_axis',(0.,1.,0.));
#3844=DIRECTION('ref_axis',(-0.707106781186548,0.,-0.707106781186548));
#3845=DIRECTION('',(0.,-1.,0.));
#3846=DIRECTION('center_axis',(0.,-1.,0.));
#3847=DIRECTION('ref_axis',(-0.707106781186548,0.,-0.707106781186548));
#3848=DIRECTION('',(0.,1.,0.));
#3849=DIRECTION('center_axis',(0.,-1.,0.));
#3850=DIRECTION('ref_axis',(-0.587785252292473,0.,-0.809016994374947));
#3851=DIRECTION('center_axis',(0.,1.,0.));
#3852=DIRECTION('ref_axis',(-0.587785252292473,0.,-0.809016994374947));
#3853=DIRECTION('',(0.,-1.,0.));
#3854=DIRECTION('center_axis',(0.,-1.,0.));
#3855=DIRECTION('ref_axis',(-0.587785252292473,0.,-0.809016994374947));
#3856=DIRECTION('',(0.,1.,0.));
#3857=DIRECTION('center_axis',(0.,-1.,0.));
#3858=DIRECTION('ref_axis',(-0.453990499739547,0.,-0.891006524188368));
#3859=DIRECTION('center_axis',(0.,1.,0.));
#3860=DIRECTION('ref_axis',(-0.453990499739547,0.,-0.891006524188368));
#3861=DIRECTION('',(0.,-1.,0.));
#3862=DIRECTION('center_axis',(0.,-1.,0.));
#3863=DIRECTION('ref_axis',(-0.453990499739547,0.,-0.891006524188368));
#3864=DIRECTION('',(0.,1.,0.));
#3865=DIRECTION('center_axis',(0.,-1.,0.));
#3866=DIRECTION('ref_axis',(-0.309016994374947,0.,-0.951056516295154));
#3867=DIRECTION('center_axis',(0.,1.,0.));
#3868=DIRECTION('ref_axis',(-0.309016994374947,0.,-0.951056516295154));
#3869=DIRECTION('',(0.,-1.,0.));
#3870=DIRECTION('center_axis',(0.,-1.,0.));
#3871=DIRECTION('ref_axis',(-0.309016994374947,0.,-0.951056516295154));
#3872=DIRECTION('',(0.,1.,0.));
#3873=DIRECTION('center_axis',(0.,-1.,0.));
#3874=DIRECTION('ref_axis',(-0.156434465040231,0.,-0.987688340595138));
#3875=DIRECTION('center_axis',(0.,1.,0.));
#3876=DIRECTION('ref_axis',(-0.156434465040231,0.,-0.987688340595138));
#3877=DIRECTION('',(0.,-1.,0.));
#3878=DIRECTION('center_axis',(0.,-1.,0.));
#3879=DIRECTION('ref_axis',(-0.156434465040231,0.,-0.987688340595138));
#3880=DIRECTION('',(0.,1.,0.));
#3881=DIRECTION('center_axis',(0.,-1.,0.));
#3882=DIRECTION('ref_axis',(4.33680868994201E-17,0.,-1.));
#3883=DIRECTION('center_axis',(0.,1.,0.));
#3884=DIRECTION('ref_axis',(4.33680868994201E-17,0.,-1.));
#3885=DIRECTION('',(0.,-1.,0.));
#3886=DIRECTION('center_axis',(0.,-1.,0.));
#3887=DIRECTION('ref_axis',(4.33680868994201E-17,0.,-1.));
#3888=DIRECTION('',(0.,1.,0.));
#3889=DIRECTION('center_axis',(0.,-1.,0.));
#3890=DIRECTION('ref_axis',(0.156434465040231,0.,-0.987688340595138));
#3891=DIRECTION('center_axis',(0.,1.,0.));
#3892=DIRECTION('ref_axis',(0.156434465040231,0.,-0.987688340595138));
#3893=DIRECTION('',(0.,-1.,0.));
#3894=DIRECTION('center_axis',(0.,-1.,0.));
#3895=DIRECTION('ref_axis',(0.156434465040231,0.,-0.987688340595138));
#3896=DIRECTION('',(0.,1.,0.));
#3897=DIRECTION('center_axis',(0.,-1.,0.));
#3898=DIRECTION('ref_axis',(0.309016994374948,0.,-0.951056516295154));
#3899=DIRECTION('center_axis',(0.,1.,0.));
#3900=DIRECTION('ref_axis',(0.309016994374948,0.,-0.951056516295154));
#3901=DIRECTION('',(0.,-1.,0.));
#3902=DIRECTION('center_axis',(0.,-1.,0.));
#3903=DIRECTION('ref_axis',(0.309016994374948,0.,-0.951056516295154));
#3904=DIRECTION('',(0.,1.,0.));
#3905=DIRECTION('center_axis',(0.,-1.,0.));
#3906=DIRECTION('ref_axis',(0.453990499739547,0.,-0.891006524188368));
#3907=DIRECTION('center_axis',(0.,1.,0.));
#3908=DIRECTION('ref_axis',(0.453990499739547,0.,-0.891006524188368));
#3909=DIRECTION('',(0.,-1.,0.));
#3910=DIRECTION('center_axis',(0.,-1.,0.));
#3911=DIRECTION('ref_axis',(0.453990499739547,0.,-0.891006524188368));
#3912=DIRECTION('',(0.,1.,0.));
#3913=DIRECTION('center_axis',(0.,-1.,0.));
#3914=DIRECTION('ref_axis',(0.587785252292473,0.,-0.809016994374947));
#3915=DIRECTION('center_axis',(0.,1.,0.));
#3916=DIRECTION('ref_axis',(0.587785252292473,0.,-0.809016994374947));
#3917=DIRECTION('',(0.,-1.,0.));
#3918=DIRECTION('center_axis',(0.,-1.,0.));
#3919=DIRECTION('ref_axis',(0.587785252292473,0.,-0.809016994374947));
#3920=DIRECTION('',(0.,1.,0.));
#3921=DIRECTION('center_axis',(0.,-1.,0.));
#3922=DIRECTION('ref_axis',(0.707106781186548,0.,-0.707106781186548));
#3923=DIRECTION('center_axis',(0.,1.,0.));
#3924=DIRECTION('ref_axis',(0.707106781186548,0.,-0.707106781186548));
#3925=DIRECTION('',(0.,-1.,0.));
#3926=DIRECTION('center_axis',(0.,-1.,0.));
#3927=DIRECTION('ref_axis',(0.707106781186548,0.,-0.707106781186548));
#3928=DIRECTION('',(0.,1.,0.));
#3929=DIRECTION('center_axis',(0.,-1.,0.));
#3930=DIRECTION('ref_axis',(0.809016994374947,0.,-0.587785252292473));
#3931=DIRECTION('center_axis',(0.,1.,0.));
#3932=DIRECTION('ref_axis',(0.809016994374947,0.,-0.587785252292473));
#3933=DIRECTION('',(0.,-1.,0.));
#3934=DIRECTION('center_axis',(0.,-1.,0.));
#3935=DIRECTION('ref_axis',(0.809016994374947,0.,-0.587785252292473));
#3936=DIRECTION('',(0.,1.,0.));
#3937=DIRECTION('center_axis',(0.,-1.,0.));
#3938=DIRECTION('ref_axis',(0.891006524188368,0.,-0.453990499739547));
#3939=DIRECTION('center_axis',(0.,1.,0.));
#3940=DIRECTION('ref_axis',(0.891006524188368,0.,-0.453990499739547));
#3941=DIRECTION('',(0.,-1.,0.));
#3942=DIRECTION('center_axis',(0.,-1.,0.));
#3943=DIRECTION('ref_axis',(0.891006524188368,0.,-0.453990499739547));
#3944=DIRECTION('',(0.,1.,0.));
#3945=DIRECTION('center_axis',(0.,-1.,0.));
#3946=DIRECTION('ref_axis',(0.951056516295154,0.,-0.309016994374947));
#3947=DIRECTION('center_axis',(0.,1.,0.));
#3948=DIRECTION('ref_axis',(0.951056516295154,0.,-0.309016994374947));
#3949=DIRECTION('',(0.,-1.,0.));
#3950=DIRECTION('center_axis',(0.,-1.,0.));
#3951=DIRECTION('ref_axis',(0.951056516295154,0.,-0.309016994374947));
#3952=DIRECTION('',(0.,1.,0.));
#3953=DIRECTION('center_axis',(0.,-1.,0.));
#3954=DIRECTION('ref_axis',(0.987688340595138,0.,-0.156434465040231));
#3955=DIRECTION('center_axis',(0.,1.,0.));
#3956=DIRECTION('ref_axis',(0.987688340595138,0.,-0.156434465040231));
#3957=DIRECTION('',(0.,-1.,0.));
#3958=DIRECTION('center_axis',(0.,-1.,0.));
#3959=DIRECTION('ref_axis',(0.987688340595138,0.,-0.156434465040231));
#3960=DIRECTION('',(0.,1.,0.));
#3961=DIRECTION('center_axis',(0.,1.,0.));
#3962=DIRECTION('ref_axis',(0.,0.,1.));
#3963=DIRECTION('center_axis',(0.,1.,0.));
#3964=DIRECTION('ref_axis',(1.,0.,0.));
#3965=DIRECTION('center_axis',(0.,-1.,0.));
#3966=DIRECTION('ref_axis',(1.,0.,0.));
#3967=DIRECTION('center_axis',(0.,1.,0.));
#3968=DIRECTION('ref_axis',(1.,0.,0.));
#3969=DIRECTION('center_axis',(0.,1.,0.));
#3970=DIRECTION('ref_axis',(1.,0.,0.));
#3971=DIRECTION('center_axis',(0.,1.,0.));
#3972=DIRECTION('ref_axis',(1.,0.,0.));
#3973=DIRECTION('center_axis',(0.,1.,0.));
#3974=DIRECTION('ref_axis',(1.,0.,0.));
#3975=DIRECTION('center_axis',(0.,1.,0.));
#3976=DIRECTION('ref_axis',(1.,0.,0.));
#3977=DIRECTION('center_axis',(0.,1.,0.));
#3978=DIRECTION('ref_axis',(1.,0.,0.));
#3979=DIRECTION('center_axis',(0.,1.,0.));
#3980=DIRECTION('ref_axis',(1.,0.,0.));
#3981=DIRECTION('center_axis',(0.,1.,0.));
#3982=DIRECTION('ref_axis',(1.,0.,0.));
#3983=DIRECTION('center_axis',(0.,1.,0.));
#3984=DIRECTION('ref_axis',(1.,0.,0.));
#3985=DIRECTION('center_axis',(0.,1.,0.));
#3986=DIRECTION('ref_axis',(1.,0.,0.));
#3987=DIRECTION('center_axis',(0.,1.,0.));
#3988=DIRECTION('ref_axis',(1.,0.,0.));
#3989=DIRECTION('center_axis',(0.,1.,0.));
#3990=DIRECTION('ref_axis',(1.,0.,0.));
#3991=DIRECTION('center_axis',(0.,1.,0.));
#3992=DIRECTION('ref_axis',(1.,0.,0.));
#3993=DIRECTION('center_axis',(0.,1.,0.));
#3994=DIRECTION('ref_axis',(1.,0.,0.));
#3995=DIRECTION('center_axis',(0.,1.,0.));
#3996=DIRECTION('ref_axis',(1.,0.,0.));
#3997=DIRECTION('center_axis',(0.,1.,0.));
#3998=DIRECTION('ref_axis',(1.,0.,0.));
#3999=DIRECTION('center_axis',(0.,1.,0.));
#4000=DIRECTION('ref_axis',(1.,0.,0.));
#4001=DIRECTION('center_axis',(0.,1.,0.));
#4002=DIRECTION('ref_axis',(1.,0.,0.));
#4003=DIRECTION('center_axis',(0.,1.,0.));
#4004=DIRECTION('ref_axis',(1.,0.,0.));
#4005=DIRECTION('center_axis',(0.,1.,0.));
#4006=DIRECTION('ref_axis',(1.,0.,0.));
#4007=DIRECTION('center_axis',(0.,1.,0.));
#4008=DIRECTION('ref_axis',(1.,0.,0.));
#4009=DIRECTION('center_axis',(0.,1.,0.));
#4010=DIRECTION('ref_axis',(1.,0.,0.));
#4011=DIRECTION('center_axis',(0.,1.,0.));
#4012=DIRECTION('ref_axis',(1.,0.,0.));
#4013=DIRECTION('center_axis',(0.,1.,0.));
#4014=DIRECTION('ref_axis',(1.,0.,0.));
#4015=DIRECTION('center_axis',(0.,1.,0.));
#4016=DIRECTION('ref_axis',(1.,0.,0.));
#4017=DIRECTION('center_axis',(0.,1.,0.));
#4018=DIRECTION('ref_axis',(1.,0.,0.));
#4019=DIRECTION('center_axis',(0.,1.,0.));
#4020=DIRECTION('ref_axis',(1.,0.,0.));
#4021=DIRECTION('center_axis',(0.,1.,0.));
#4022=DIRECTION('ref_axis',(1.,0.,0.));
#4023=DIRECTION('center_axis',(0.,1.,0.));
#4024=DIRECTION('ref_axis',(1.,0.,0.));
#4025=DIRECTION('center_axis',(0.,1.,0.));
#4026=DIRECTION('ref_axis',(1.,0.,0.));
#4027=DIRECTION('center_axis',(0.,1.,0.));
#4028=DIRECTION('ref_axis',(1.,0.,0.));
#4029=DIRECTION('center_axis',(0.,1.,0.));
#4030=DIRECTION('ref_axis',(1.,0.,0.));
#4031=DIRECTION('center_axis',(0.,1.,0.));
#4032=DIRECTION('ref_axis',(1.,0.,0.));
#4033=DIRECTION('center_axis',(0.,1.,0.));
#4034=DIRECTION('ref_axis',(1.,0.,0.));
#4035=DIRECTION('center_axis',(0.,1.,0.));
#4036=DIRECTION('ref_axis',(1.,0.,0.));
#4037=DIRECTION('center_axis',(0.,1.,0.));
#4038=DIRECTION('ref_axis',(1.,0.,0.));
#4039=DIRECTION('center_axis',(0.,1.,0.));
#4040=DIRECTION('ref_axis',(1.,0.,0.));
#4041=DIRECTION('center_axis',(0.,1.,0.));
#4042=DIRECTION('ref_axis',(1.,0.,0.));
#4043=DIRECTION('center_axis',(0.,1.,0.));
#4044=DIRECTION('ref_axis',(1.,0.,0.));
#4045=DIRECTION('center_axis',(0.,1.,0.));
#4046=DIRECTION('ref_axis',(1.,0.,0.));
#4047=DIRECTION('center_axis',(0.,1.,0.));
#4048=DIRECTION('ref_axis',(1.,0.,0.));
#4049=DIRECTION('',(0.,1.,0.));
#4050=DIRECTION('center_axis',(0.,1.,0.));
#4051=DIRECTION('ref_axis',(1.,0.,0.));
#4052=DIRECTION('',(0.,-1.,0.));
#4053=DIRECTION('center_axis',(0.,1.,0.));
#4054=DIRECTION('ref_axis',(1.,0.,0.));
#4055=DIRECTION('center_axis',(0.,1.,0.));
#4056=DIRECTION('ref_axis',(1.,0.,0.));
#4057=DIRECTION('center_axis',(0.,1.,0.));
#4058=DIRECTION('ref_axis',(1.,0.,0.));
#4059=DIRECTION('center_axis',(0.,1.,0.));
#4060=DIRECTION('ref_axis',(1.,0.,0.));
#4061=DIRECTION('center_axis',(0.,1.,0.));
#4062=DIRECTION('ref_axis',(1.,0.,0.));
#4063=DIRECTION('center_axis',(0.,1.,0.));
#4064=DIRECTION('ref_axis',(1.,0.,0.));
#4065=DIRECTION('center_axis',(0.,1.,0.));
#4066=DIRECTION('ref_axis',(1.,0.,0.));
#4067=DIRECTION('center_axis',(0.,1.,0.));
#4068=DIRECTION('ref_axis',(1.,0.,0.));
#4069=DIRECTION('center_axis',(0.,1.,0.));
#4070=DIRECTION('ref_axis',(1.,0.,0.));
#4071=DIRECTION('center_axis',(0.,1.,0.));
#4072=DIRECTION('ref_axis',(1.,0.,0.));
#4073=DIRECTION('center_axis',(0.,1.,0.));
#4074=DIRECTION('ref_axis',(1.,0.,0.));
#4075=DIRECTION('center_axis',(0.,1.,0.));
#4076=DIRECTION('ref_axis',(1.,0.,0.));
#4077=DIRECTION('center_axis',(0.,1.,0.));
#4078=DIRECTION('ref_axis',(1.,0.,0.));
#4079=DIRECTION('center_axis',(0.,1.,0.));
#4080=DIRECTION('ref_axis',(1.,0.,0.));
#4081=DIRECTION('center_axis',(0.,1.,0.));
#4082=DIRECTION('ref_axis',(1.,0.,0.));
#4083=DIRECTION('center_axis',(0.,1.,0.));
#4084=DIRECTION('ref_axis',(1.,0.,0.));
#4085=DIRECTION('center_axis',(0.,1.,0.));
#4086=DIRECTION('ref_axis',(1.,0.,0.));
#4087=DIRECTION('center_axis',(0.,1.,0.));
#4088=DIRECTION('ref_axis',(1.,0.,0.));
#4089=DIRECTION('center_axis',(0.,1.,0.));
#4090=DIRECTION('ref_axis',(1.,0.,0.));
#4091=DIRECTION('center_axis',(0.,1.,0.));
#4092=DIRECTION('ref_axis',(1.,0.,0.));
#4093=DIRECTION('center_axis',(0.,1.,0.));
#4094=DIRECTION('ref_axis',(1.,0.,0.));
#4095=DIRECTION('center_axis',(0.,1.,0.));
#4096=DIRECTION('ref_axis',(1.,0.,0.));
#4097=DIRECTION('center_axis',(0.,1.,0.));
#4098=DIRECTION('ref_axis',(1.,0.,0.));
#4099=DIRECTION('center_axis',(0.,1.,0.));
#4100=DIRECTION('ref_axis',(1.,0.,0.));
#4101=DIRECTION('center_axis',(0.,1.,0.));
#4102=DIRECTION('ref_axis',(1.,0.,0.));
#4103=DIRECTION('center_axis',(0.,1.,0.));
#4104=DIRECTION('ref_axis',(1.,0.,0.));
#4105=DIRECTION('center_axis',(0.,1.,0.));
#4106=DIRECTION('ref_axis',(1.,0.,0.));
#4107=DIRECTION('center_axis',(0.,1.,0.));
#4108=DIRECTION('ref_axis',(1.,0.,0.));
#4109=DIRECTION('center_axis',(0.,1.,0.));
#4110=DIRECTION('ref_axis',(1.,0.,0.));
#4111=DIRECTION('center_axis',(0.,1.,0.));
#4112=DIRECTION('ref_axis',(1.,0.,0.));
#4113=DIRECTION('center_axis',(0.,1.,0.));
#4114=DIRECTION('ref_axis',(1.,0.,0.));
#4115=DIRECTION('center_axis',(0.,1.,0.));
#4116=DIRECTION('ref_axis',(1.,0.,0.));
#4117=DIRECTION('center_axis',(0.,1.,0.));
#4118=DIRECTION('ref_axis',(1.,0.,0.));
#4119=DIRECTION('center_axis',(0.,1.,0.));
#4120=DIRECTION('ref_axis',(1.,0.,0.));
#4121=DIRECTION('center_axis',(0.,1.,0.));
#4122=DIRECTION('ref_axis',(1.,0.,0.));
#4123=DIRECTION('center_axis',(0.,1.,0.));
#4124=DIRECTION('ref_axis',(1.,0.,0.));
#4125=DIRECTION('center_axis',(0.,1.,0.));
#4126=DIRECTION('ref_axis',(1.,0.,0.));
#4127=DIRECTION('center_axis',(0.,1.,0.));
#4128=DIRECTION('ref_axis',(1.,0.,0.));
#4129=DIRECTION('center_axis',(0.,1.,0.));
#4130=DIRECTION('ref_axis',(1.,0.,0.));
#4131=DIRECTION('center_axis',(0.,1.,0.));
#4132=DIRECTION('ref_axis',(1.,0.,0.));
#4133=DIRECTION('center_axis',(0.,1.,0.));
#4134=DIRECTION('ref_axis',(1.,0.,0.));
#4135=DIRECTION('center_axis',(0.,1.,0.));
#4136=DIRECTION('ref_axis',(1.,0.,0.));
#4137=DIRECTION('center_axis',(0.,1.,0.));
#4138=DIRECTION('ref_axis',(1.,0.,0.));
#4139=DIRECTION('center_axis',(0.,1.,0.));
#4140=DIRECTION('ref_axis',(1.,0.,0.));
#4141=DIRECTION('center_axis',(0.,1.,0.));
#4142=DIRECTION('ref_axis',(1.,0.,0.));
#4143=DIRECTION('center_axis',(0.,1.,0.));
#4144=DIRECTION('ref_axis',(1.,0.,0.));
#4145=DIRECTION('center_axis',(0.,1.,0.));
#4146=DIRECTION('ref_axis',(1.,0.,0.));
#4147=DIRECTION('center_axis',(0.,1.,0.));
#4148=DIRECTION('ref_axis',(1.,0.,0.));
#4149=DIRECTION('center_axis',(0.,1.,0.));
#4150=DIRECTION('ref_axis',(1.,0.,0.));
#4151=DIRECTION('center_axis',(0.,1.,0.));
#4152=DIRECTION('ref_axis',(1.,0.,0.));
#4153=DIRECTION('center_axis',(0.,1.,0.));
#4154=DIRECTION('ref_axis',(1.,0.,0.));
#4155=DIRECTION('center_axis',(0.,1.,0.));
#4156=DIRECTION('ref_axis',(1.,0.,0.));
#4157=DIRECTION('center_axis',(0.,1.,0.));
#4158=DIRECTION('ref_axis',(1.,0.,0.));
#4159=DIRECTION('center_axis',(0.,1.,0.));
#4160=DIRECTION('ref_axis',(1.,0.,0.));
#4161=DIRECTION('center_axis',(0.,1.,0.));
#4162=DIRECTION('ref_axis',(1.,0.,0.));
#4163=DIRECTION('center_axis',(0.,1.,0.));
#4164=DIRECTION('ref_axis',(1.,0.,0.));
#4165=DIRECTION('center_axis',(0.,1.,0.));
#4166=DIRECTION('ref_axis',(1.,0.,0.));
#4167=DIRECTION('center_axis',(0.,1.,0.));
#4168=DIRECTION('ref_axis',(1.,0.,0.));
#4169=DIRECTION('center_axis',(0.,1.,0.));
#4170=DIRECTION('ref_axis',(1.,0.,0.));
#4171=DIRECTION('center_axis',(0.,1.,0.));
#4172=DIRECTION('ref_axis',(1.,0.,0.));
#4173=DIRECTION('center_axis',(0.,1.,0.));
#4174=DIRECTION('ref_axis',(1.,0.,0.));
#4175=DIRECTION('center_axis',(0.,1.,0.));
#4176=DIRECTION('ref_axis',(1.,0.,0.));
#4177=DIRECTION('center_axis',(0.,1.,0.));
#4178=DIRECTION('ref_axis',(1.,0.,0.));
#4179=DIRECTION('center_axis',(0.,1.,0.));
#4180=DIRECTION('ref_axis',(1.,0.,0.));
#4181=DIRECTION('center_axis',(0.,1.,0.));
#4182=DIRECTION('ref_axis',(1.,0.,0.));
#4183=DIRECTION('center_axis',(0.,1.,0.));
#4184=DIRECTION('ref_axis',(1.,0.,0.));
#4185=DIRECTION('center_axis',(0.,1.,0.));
#4186=DIRECTION('ref_axis',(1.,0.,0.));
#4187=DIRECTION('center_axis',(0.,1.,0.));
#4188=DIRECTION('ref_axis',(1.,0.,0.));
#4189=DIRECTION('center_axis',(0.,1.,0.));
#4190=DIRECTION('ref_axis',(1.,0.,0.));
#4191=DIRECTION('center_axis',(0.,1.,0.));
#4192=DIRECTION('ref_axis',(1.,0.,0.));
#4193=DIRECTION('center_axis',(0.,1.,0.));
#4194=DIRECTION('ref_axis',(1.,0.,0.));
#4195=DIRECTION('center_axis',(0.,1.,0.));
#4196=DIRECTION('ref_axis',(1.,0.,0.));
#4197=DIRECTION('center_axis',(0.,1.,0.));
#4198=DIRECTION('ref_axis',(1.,0.,0.));
#4199=DIRECTION('center_axis',(0.,1.,0.));
#4200=DIRECTION('ref_axis',(1.,0.,0.));
#4201=DIRECTION('center_axis',(0.,1.,0.));
#4202=DIRECTION('ref_axis',(1.,0.,0.));
#4203=DIRECTION('center_axis',(0.,-1.,0.));
#4204=DIRECTION('ref_axis',(1.,0.,0.));
#4205=DIRECTION('center_axis',(0.,1.,0.));
#4206=DIRECTION('ref_axis',(1.,0.,0.));
#4207=DIRECTION('center_axis',(0.,1.,0.));
#4208=DIRECTION('ref_axis',(0.,0.,1.));
#4209=DIRECTION('center_axis',(0.,1.,0.));
#4210=DIRECTION('ref_axis',(1.,0.,0.));
#4211=DIRECTION('center_axis',(0.,1.,0.));
#4212=DIRECTION('ref_axis',(1.,0.,0.));
#4213=DIRECTION('center_axis',(0.,0.,-1.));
#4214=DIRECTION('ref_axis',(-1.,0.,0.));
#4215=DIRECTION('center_axis',(0.,0.,-1.));
#4216=DIRECTION('ref_axis',(-1.,0.,0.));
#4217=DIRECTION('',(0.,0.,1.));
#4218=DIRECTION('center_axis',(0.,0.,-1.));
#4219=DIRECTION('ref_axis',(-1.,0.,0.));
#4220=DIRECTION('center_axis',(0.,0.,-1.));
#4221=DIRECTION('ref_axis',(-1.,0.,0.));
#4222=DIRECTION('center_axis',(0.,0.,-1.));
#4223=DIRECTION('ref_axis',(-1.,0.,0.));
#4224=DIRECTION('center_axis',(0.,0.,-1.));
#4225=DIRECTION('ref_axis',(-1.,0.,0.));
#4226=DIRECTION('center_axis',(0.,0.,-1.));
#4227=DIRECTION('ref_axis',(-1.,0.,0.));
#4228=DIRECTION('',(0.,0.,1.));
#4229=DIRECTION('center_axis',(0.,0.,-1.));
#4230=DIRECTION('ref_axis',(-1.,0.,0.));
#4231=DIRECTION('center_axis',(0.,0.,-1.));
#4232=DIRECTION('ref_axis',(-1.,0.,0.));
#4233=DIRECTION('center_axis',(0.,0.,-1.));
#4234=DIRECTION('ref_axis',(-1.,0.,0.));
#4235=DIRECTION('center_axis',(0.,0.,-1.));
#4236=DIRECTION('ref_axis',(-1.,0.,0.));
#4237=DIRECTION('center_axis',(0.,0.,-1.));
#4238=DIRECTION('ref_axis',(-1.,0.,0.));
#4239=DIRECTION('',(0.,0.,1.));
#4240=DIRECTION('center_axis',(0.,0.,-1.));
#4241=DIRECTION('ref_axis',(-1.,0.,0.));
#4242=DIRECTION('center_axis',(0.,0.,-1.));
#4243=DIRECTION('ref_axis',(-1.,0.,0.));
#4244=DIRECTION('center_axis',(0.,0.,-1.));
#4245=DIRECTION('ref_axis',(-1.,0.,0.));
#4246=DIRECTION('center_axis',(0.,1.,0.));
#4247=DIRECTION('ref_axis',(1.,0.,0.));
#4248=DIRECTION('center_axis',(0.,1.,0.));
#4249=DIRECTION('ref_axis',(1.,0.,0.));
#4250=DIRECTION('center_axis',(0.,1.,0.));
#4251=DIRECTION('ref_axis',(1.,0.,0.));
#4252=DIRECTION('center_axis',(0.,1.,0.));
#4253=DIRECTION('ref_axis',(1.,0.,0.));
#4254=DIRECTION('center_axis',(0.,1.,0.));
#4255=DIRECTION('ref_axis',(1.,0.,0.));
#4256=DIRECTION('center_axis',(0.,1.,0.));
#4257=DIRECTION('ref_axis',(1.,0.,0.));
#4258=DIRECTION('center_axis',(0.,1.,0.));
#4259=DIRECTION('ref_axis',(1.,0.,0.));
#4260=DIRECTION('center_axis',(0.,1.,0.));
#4261=DIRECTION('ref_axis',(1.,0.,0.));
#4262=DIRECTION('center_axis',(0.,1.,0.));
#4263=DIRECTION('ref_axis',(1.,0.,0.));
#4264=DIRECTION('center_axis',(0.,-1.,0.));
#4265=DIRECTION('ref_axis',(1.,0.,0.));
#4266=DIRECTION('center_axis',(0.,-1.,0.));
#4267=DIRECTION('ref_axis',(1.,0.,0.));
#4268=DIRECTION('center_axis',(0.,-1.,0.));
#4269=DIRECTION('ref_axis',(1.,0.,0.));
#4270=DIRECTION('center_axis',(0.,0.,-1.));
#4271=DIRECTION('ref_axis',(-1.,0.,0.));
#4272=DIRECTION('center_axis',(0.,0.,-1.));
#4273=DIRECTION('ref_axis',(-1.,0.,0.));
#4274=DIRECTION('center_axis',(0.,0.,-1.));
#4275=DIRECTION('ref_axis',(-1.,0.,0.));
#4276=DIRECTION('center_axis',(0.,0.,-1.));
#4277=DIRECTION('ref_axis',(-1.,0.,0.));
#4278=DIRECTION('center_axis',(0.,0.,-1.));
#4279=DIRECTION('ref_axis',(-1.,0.,0.));
#4280=DIRECTION('center_axis',(-0.627497606696469,-0.639420147906029,0.444284399953493));
#4281=DIRECTION('ref_axis',(0.604814323459373,-0.0409340022024695,0.795313800711436));
#4282=DIRECTION('center_axis',(0.,0.,1.));
#4283=DIRECTION('ref_axis',(1.,0.,0.));
#4284=DIRECTION('center_axis',(-0.577350269189626,0.577350269189626,-0.577350269189626));
#4285=DIRECTION('ref_axis',(-0.707106781186548,-0.707106781186548,0.));
#4286=DIRECTION('center_axis',(0.,0.,1.));
#4287=DIRECTION('ref_axis',(1.,0.,0.));
#4288=DIRECTION('center_axis',(-2.22044604925031E-16,0.,-1.));
#4289=DIRECTION('ref_axis',(-1.,0.,2.22044604925031E-16));
#4290=DIRECTION('center_axis',(0.,0.,1.));
#4291=DIRECTION('ref_axis',(1.,0.,0.));
#4292=DIRECTION('center_axis',(0.,-1.,0.));
#4293=DIRECTION('ref_axis',(-1.,0.,0.));
#4294=DIRECTION('center_axis',(0.,0.,1.));
#4295=DIRECTION('ref_axis',(1.,0.,0.));
#4296=DIRECTION('center_axis',(-1.,0.,0.));
#4297=DIRECTION('ref_axis',(0.,0.,1.));
#4298=DIRECTION('center_axis',(0.,0.,1.));
#4299=DIRECTION('ref_axis',(1.,0.,0.));
#4300=DIRECTION('center_axis',(0.,0.,1.));
#4301=DIRECTION('ref_axis',(1.,0.,0.));
#4302=DIRECTION('center_axis',(0.,0.,1.));
#4303=DIRECTION('ref_axis',(1.,0.,0.));
#4304=DIRECTION('center_axis',(0.,0.,1.));
#4305=DIRECTION('ref_axis',(1.,0.,0.));
#4306=DIRECTION('center_axis',(0.,0.,1.));
#4307=DIRECTION('ref_axis',(1.,0.,0.));
#4308=DIRECTION('center_axis',(0.,0.,1.));
#4309=DIRECTION('ref_axis',(1.,0.,0.));
#4310=DIRECTION('center_axis',(0.,0.,1.));
#4311=DIRECTION('ref_axis',(1.,0.,0.));
#4312=CARTESIAN_POINT('',(0.,0.,0.));
#4313=CARTESIAN_POINT('Origin',(1.8,0.,-10.));
#4314=CARTESIAN_POINT('',(1.8,0.,-10.));
#4315=CARTESIAN_POINT('',(1.8,0.,-11.5));
#4316=CARTESIAN_POINT('',(1.8,0.,-5.));
#4317=CARTESIAN_POINT('',(1.8,5.,-10.));
#4318=CARTESIAN_POINT('',(1.8,0.,-10.));
#4319=CARTESIAN_POINT('',(1.8,5.,-11.5));
#4320=CARTESIAN_POINT('',(1.8,5.,-11.5));
#4321=CARTESIAN_POINT('',(1.8,0.,-11.5));
#4322=CARTESIAN_POINT('Origin',(-1.8,0.,-10.));
#4323=CARTESIAN_POINT('',(-1.8,0.,-10.));
#4324=CARTESIAN_POINT('',(-0.900000000000001,0.,-10.));
#4325=CARTESIAN_POINT('',(-1.8,5.,-10.));
#4326=CARTESIAN_POINT('',(-1.8,0.,-10.));
#4327=CARTESIAN_POINT('',(1.8,5.,-10.));
#4328=CARTESIAN_POINT('Origin',(-1.8,0.,-11.5));
#4329=CARTESIAN_POINT('',(-1.8,0.,-11.5));
#4330=CARTESIAN_POINT('',(-1.8,0.,-5.75));
#4331=CARTESIAN_POINT('',(-1.8,5.,-11.5));
#4332=CARTESIAN_POINT('',(-1.8,0.,-11.5));
#4333=CARTESIAN_POINT('',(-1.8,5.,-10.));
#4334=CARTESIAN_POINT('Origin',(-2.77555756156289E-16,5.,-10.75));
#4335=CARTESIAN_POINT('',(3.,5.,-11.5));
#4336=CARTESIAN_POINT('Origin',(0.,0.,0.));
#4337=CARTESIAN_POINT('',(5.,0.,-11.5));
#4338=CARTESIAN_POINT('',(6.,0.,-11.5));
#4339=CARTESIAN_POINT('',(6.,0.,-10.5));
#4340=CARTESIAN_POINT('Origin',(5.,0.,-10.5));
#4341=CARTESIAN_POINT('',(6.,0.,9.5));
#4342=CARTESIAN_POINT('',(6.,0.,11.5));
#4343=CARTESIAN_POINT('',(5.,0.,9.5));
#4344=CARTESIAN_POINT('',(3.,0.,9.5));
#4345=CARTESIAN_POINT('',(4.,0.,10.5));
#4346=CARTESIAN_POINT('Origin',(5.,0.,10.5));
#4347=CARTESIAN_POINT('',(4.,0.,11.5));
#4348=CARTESIAN_POINT('',(4.,0.,5.25));
#4349=CARTESIAN_POINT('',(-5.,0.,11.5));
#4350=CARTESIAN_POINT('',(-6.,0.,11.5));
#4351=CARTESIAN_POINT('',(-6.,0.,10.5));
#4352=CARTESIAN_POINT('Origin',(-5.,0.,10.5));
#4353=CARTESIAN_POINT('',(-6.,0.,-9.5));
#4354=CARTESIAN_POINT('',(-6.,0.,-11.5));
#4355=CARTESIAN_POINT('',(-5.,0.,-9.5));
#4356=CARTESIAN_POINT('',(-3.,0.,-9.5));
#4357=CARTESIAN_POINT('',(-4.,0.,-10.5));
#4358=CARTESIAN_POINT('Origin',(-5.,0.,-10.5));
#4359=CARTESIAN_POINT('',(-4.,0.,-11.5));
#4360=CARTESIAN_POINT('',(-4.,0.,-5.25));
#4361=CARTESIAN_POINT('',(6.,0.,-11.5));
#4362=CARTESIAN_POINT('Origin',(5.,0.,-10.5));
#4363=CARTESIAN_POINT('',(5.,17.1,-11.5));
#4364=CARTESIAN_POINT('',(5.,0.,-11.5));
#4365=CARTESIAN_POINT('',(6.,17.1,-10.5));
#4366=CARTESIAN_POINT('Origin',(5.,17.1,-10.5));
#4367=CARTESIAN_POINT('',(6.,0.,-10.5));
#4368=CARTESIAN_POINT('Origin',(6.,0.,11.5));
#4369=CARTESIAN_POINT('',(6.,17.1,-15.8));
#4370=CARTESIAN_POINT('',(6.,17.1,-11.5));
#4371=CARTESIAN_POINT('',(6.,19.5,-15.8));
#4372=CARTESIAN_POINT('',(6.,9.15,-15.8));
#4373=CARTESIAN_POINT('',(6.,19.5,-10.5));
#4374=CARTESIAN_POINT('',(6.,19.5,-11.5));
#4375=CARTESIAN_POINT('',(6.,24.,-10.5));
#4376=CARTESIAN_POINT('',(6.,0.,-10.5));
#4377=CARTESIAN_POINT('',(6.,24.,-5.5));
#4378=CARTESIAN_POINT('',(6.,24.,11.5));
#4379=CARTESIAN_POINT('',(6.,24.,10.5));
#4380=CARTESIAN_POINT('',(6.,24.,11.5));
#4381=CARTESIAN_POINT('',(6.,19.5,10.5));
#4382=CARTESIAN_POINT('',(6.,0.,10.5));
#4383=CARTESIAN_POINT('',(6.,19.5,15.8));
#4384=CARTESIAN_POINT('',(6.,19.5,11.5));
#4385=CARTESIAN_POINT('',(6.,17.1,15.8));
#4386=CARTESIAN_POINT('',(6.,9.15,15.8));
#4387=CARTESIAN_POINT('',(6.,17.1,10.5));
#4388=CARTESIAN_POINT('',(6.,17.1,11.5));
#4389=CARTESIAN_POINT('',(6.,1.,10.5));
#4390=CARTESIAN_POINT('',(6.,0.,10.5));
#4391=CARTESIAN_POINT('',(6.,1.,9.5));
#4392=CARTESIAN_POINT('',(6.,1.,11.));
#4393=CARTESIAN_POINT('',(6.,0.,9.5));
#4394=CARTESIAN_POINT('Origin',(5.,0.,-10.5));
#4395=CARTESIAN_POINT('',(5.,24.,-11.5));
#4396=CARTESIAN_POINT('Origin',(5.,24.,-10.5));
#4397=CARTESIAN_POINT('',(5.,19.5,-11.5));
#4398=CARTESIAN_POINT('Origin',(5.,19.5,-10.5));
#4399=CARTESIAN_POINT('',(5.,0.,-11.5));
#4400=CARTESIAN_POINT('Origin',(6.,0.,-11.5));
#4401=CARTESIAN_POINT('',(-5.,19.5,-11.5));
#4402=CARTESIAN_POINT('',(6.,19.5,-11.5));
#4403=CARTESIAN_POINT('',(-5.,24.,-11.5));
#4404=CARTESIAN_POINT('',(-5.,0.,-11.5));
#4405=CARTESIAN_POINT('',(0.,24.,-11.5));
#4406=CARTESIAN_POINT('',(6.,24.,-11.5));
#4407=CARTESIAN_POINT('',(6.,24.,-11.5));
#4408=CARTESIAN_POINT('Origin',(-5.,0.,-10.5));
#4409=CARTESIAN_POINT('',(-5.,1.,-11.5));
#4410=CARTESIAN_POINT('',(-6.,1.,-10.5));
#4411=CARTESIAN_POINT('Origin',(-5.,1.,-10.5));
#4412=CARTESIAN_POINT('',(-6.,17.1,-10.5));
#4413=CARTESIAN_POINT('',(-6.,0.,-10.5));
#4414=CARTESIAN_POINT('',(-5.,17.1,-11.5));
#4415=CARTESIAN_POINT('Origin',(-5.,17.1,-10.5));
#4416=CARTESIAN_POINT('',(-5.,0.,-11.5));
#4417=CARTESIAN_POINT('Origin',(6.,0.,-11.5));
#4418=CARTESIAN_POINT('',(-4.,1.,-11.5));
#4419=CARTESIAN_POINT('',(-4.,0.,-11.5));
#4420=CARTESIAN_POINT('',(0.5,1.,-11.5));
#4421=CARTESIAN_POINT('',(0.,17.1,-11.5));
#4422=CARTESIAN_POINT('Origin',(-5.,0.,-10.5));
#4423=CARTESIAN_POINT('',(-6.,24.,-10.5));
#4424=CARTESIAN_POINT('Origin',(-5.,24.,-10.5));
#4425=CARTESIAN_POINT('',(-6.,19.5,-10.5));
#4426=CARTESIAN_POINT('Origin',(-5.,19.5,-10.5));
#4427=CARTESIAN_POINT('',(-6.,0.,-10.5));
#4428=CARTESIAN_POINT('Origin',(0.,24.,0.));
#4429=CARTESIAN_POINT('',(-6.,24.,-5.5));
#4430=CARTESIAN_POINT('',(-6.,24.,-11.5));
#4431=CARTESIAN_POINT('Origin',(0.,24.,-5.5));
#4432=CARTESIAN_POINT('Origin',(-6.,0.,-11.5));
#4433=CARTESIAN_POINT('',(-6.,1.,-9.5));
#4434=CARTESIAN_POINT('',(-6.,1.,-11.));
#4435=CARTESIAN_POINT('',(-6.,0.,-9.5));
#4436=CARTESIAN_POINT('',(-6.,17.1,10.5));
#4437=CARTESIAN_POINT('',(-6.,0.,10.5));
#4438=CARTESIAN_POINT('',(-6.,17.1,15.8));
#4439=CARTESIAN_POINT('',(-6.,17.1,11.5));
#4440=CARTESIAN_POINT('',(-6.,19.5,15.8));
#4441=CARTESIAN_POINT('',(-6.,9.15,15.8));
#4442=CARTESIAN_POINT('',(-6.,19.5,10.5));
#4443=CARTESIAN_POINT('',(-6.,19.5,11.5));
#4444=CARTESIAN_POINT('',(-6.,24.,10.5));
#4445=CARTESIAN_POINT('',(-6.,0.,10.5));
#4446=CARTESIAN_POINT('',(-6.,24.,-11.5));
#4447=CARTESIAN_POINT('',(-6.,19.5,-15.8));
#4448=CARTESIAN_POINT('',(-6.,19.5,-11.5));
#4449=CARTESIAN_POINT('',(-6.,17.1,-15.8));
#4450=CARTESIAN_POINT('',(-6.,9.15,-15.8));
#4451=CARTESIAN_POINT('',(-6.,17.1,-11.5));
#4452=CARTESIAN_POINT('Origin',(5.,0.,10.5));
#4453=CARTESIAN_POINT('',(5.,24.,11.5));
#4454=CARTESIAN_POINT('Origin',(5.,24.,10.5));
#4455=CARTESIAN_POINT('',(5.,19.5,11.5));
#4456=CARTESIAN_POINT('',(5.,0.,11.5));
#4457=CARTESIAN_POINT('Origin',(5.,19.5,10.5));
#4458=CARTESIAN_POINT('Origin',(-5.,0.,10.5));
#4459=CARTESIAN_POINT('',(-5.,24.,11.5));
#4460=CARTESIAN_POINT('Origin',(-5.,24.,10.5));
#4461=CARTESIAN_POINT('',(-5.,19.5,11.5));
#4462=CARTESIAN_POINT('Origin',(-5.,19.5,10.5));
#4463=CARTESIAN_POINT('',(-5.,0.,11.5));
#4464=CARTESIAN_POINT('Origin',(-6.,0.,11.5));
#4465=CARTESIAN_POINT('',(-6.,24.,11.5));
#4466=CARTESIAN_POINT('',(0.,19.5,11.5));
#4467=CARTESIAN_POINT('Origin',(5.,0.,10.5));
#4468=CARTESIAN_POINT('',(5.,1.,11.5));
#4469=CARTESIAN_POINT('Origin',(5.,1.,10.5));
#4470=CARTESIAN_POINT('',(5.,17.1,11.5));
#4471=CARTESIAN_POINT('Origin',(5.,17.1,10.5));
#4472=CARTESIAN_POINT('',(5.,0.,11.5));
#4473=CARTESIAN_POINT('Origin',(5.,1.,10.5));
#4474=CARTESIAN_POINT('',(4.,1.,11.5));
#4475=CARTESIAN_POINT('',(-0.5,1.,11.5));
#4476=CARTESIAN_POINT('',(4.,1.,10.5));
#4477=CARTESIAN_POINT('',(4.,1.,11.5));
#4478=CARTESIAN_POINT('',(5.,1.,9.5));
#4479=CARTESIAN_POINT('Origin',(5.,1.,10.5));
#4480=CARTESIAN_POINT('',(5.,1.,9.5));
#4481=CARTESIAN_POINT('Origin',(-5.,0.,10.5));
#4482=CARTESIAN_POINT('',(-5.,17.1,11.5));
#4483=CARTESIAN_POINT('',(-5.,0.,11.5));
#4484=CARTESIAN_POINT('Origin',(-5.,17.1,10.5));
#4485=CARTESIAN_POINT('Origin',(4.,0.,10.5));
#4486=CARTESIAN_POINT('',(4.,0.,10.5));
#4487=CARTESIAN_POINT('',(4.,0.,11.5));
#4488=CARTESIAN_POINT('Origin',(5.,0.,10.5));
#4489=CARTESIAN_POINT('',(5.,0.,9.5));
#4490=CARTESIAN_POINT('Origin',(6.,0.,9.5));
#4491=CARTESIAN_POINT('Origin',(-4.,0.,-10.5));
#4492=CARTESIAN_POINT('',(-4.,1.,-10.5));
#4493=CARTESIAN_POINT('',(-4.,0.,-10.5));
#4494=CARTESIAN_POINT('',(-4.,1.,-11.5));
#4495=CARTESIAN_POINT('Origin',(-5.,0.,-10.5));
#4496=CARTESIAN_POINT('',(-5.,1.,-9.5));
#4497=CARTESIAN_POINT('',(-5.,0.,-9.5));
#4498=CARTESIAN_POINT('Origin',(-5.,1.,-10.5));
#4499=CARTESIAN_POINT('Origin',(-6.,0.,-9.5));
#4500=CARTESIAN_POINT('',(-5.,1.,-9.5));
#4501=CARTESIAN_POINT('Origin',(-5.,1.,-10.5));
#4502=CARTESIAN_POINT('Origin',(-6.,0.,11.5));
#4503=CARTESIAN_POINT('',(-6.,17.1,11.5));
#4504=CARTESIAN_POINT('Origin',(0.,24.,0.5));
#4505=CARTESIAN_POINT('',(2.44514470714698,24.,-0.0208333333333333));
#4506=CARTESIAN_POINT('',(-2.44514470714698,24.,-0.0208333333333321));
#4507=CARTESIAN_POINT('Origin',(0.,24.,0.5));
#4508=CARTESIAN_POINT('',(2.44514470714698,28.5,-0.0208333333333333));
#4509=CARTESIAN_POINT('',(2.44514470714698,24.,-0.0208333333333333));
#4510=CARTESIAN_POINT('',(-2.44514470714698,28.5,-0.0208333333333321));
#4511=CARTESIAN_POINT('Origin',(0.,28.5,0.5));
#4512=CARTESIAN_POINT('',(-2.44514470714698,24.,-0.0208333333333321));
#4513=CARTESIAN_POINT('Origin',(0.,24.,-5.5));
#4514=CARTESIAN_POINT('Origin',(0.,24.,-5.5));
#4515=CARTESIAN_POINT('Origin',(0.,24.,-5.5));
#4516=CARTESIAN_POINT('Origin',(0.,24.,-5.5));
#4517=CARTESIAN_POINT('Origin',(0.,28.5,-5.5));
#4518=CARTESIAN_POINT('Origin',(0.,28.5,-4.25));
#4519=CARTESIAN_POINT('Origin',(0.,24.,0.));
#4520=CARTESIAN_POINT('Origin',(0.,24.,0.));
#4521=CARTESIAN_POINT('Origin',(-5.5,9.15,-15.8));
#4522=CARTESIAN_POINT('',(-5.5,17.1,-16.3));
#4523=CARTESIAN_POINT('Origin',(-5.5,17.1,-15.8));
#4524=CARTESIAN_POINT('',(-5.5,19.5,-16.3));
#4525=CARTESIAN_POINT('Origin',(-5.5,19.5,-15.8));
#4526=CARTESIAN_POINT('',(-5.5,9.15,-16.3));
#4527=CARTESIAN_POINT('Origin',(0.,18.3,-16.3));
#4528=CARTESIAN_POINT('',(-0.75,19.5,-16.3));
#4529=CARTESIAN_POINT('',(6.,19.5,-16.3));
#4530=CARTESIAN_POINT('',(-0.75,17.1,-16.3));
#4531=CARTESIAN_POINT('',(-0.75,18.9,-16.3));
#4532=CARTESIAN_POINT('',(-6.,17.1,-16.3));
#4533=CARTESIAN_POINT('Origin',(6.,19.5,-11.5));
#4534=CARTESIAN_POINT('',(5.5,19.5,-16.3));
#4535=CARTESIAN_POINT('Origin',(5.5,19.5,-15.8));
#4536=CARTESIAN_POINT('',(0.75,19.5,-16.3));
#4537=CARTESIAN_POINT('',(6.,19.5,-16.3));
#4538=CARTESIAN_POINT('',(0.749999999999998,19.5,-14.9));
#4539=CARTESIAN_POINT('',(0.749999999999997,19.5,-13.2));
#4540=CARTESIAN_POINT('',(-0.75,19.5,-14.9));
#4541=CARTESIAN_POINT('Origin',(0.,19.5,-13.9));
#4542=CARTESIAN_POINT('',(-0.75,19.5,-13.9));
#4543=CARTESIAN_POINT('Origin',(5.5,9.15,-15.8));
#4544=CARTESIAN_POINT('',(5.5,17.1,-16.3));
#4545=CARTESIAN_POINT('Origin',(5.5,17.1,-15.8));
#4546=CARTESIAN_POINT('',(5.5,9.15,-16.3));
#4547=CARTESIAN_POINT('Origin',(0.,18.3,-16.3));
#4548=CARTESIAN_POINT('',(0.75,17.1,-16.3));
#4549=CARTESIAN_POINT('',(-6.,17.1,-16.3));
#4550=CARTESIAN_POINT('',(0.75,18.9,-16.3));
#4551=CARTESIAN_POINT('Origin',(0.749999999999998,19.5,-14.9));
#4552=CARTESIAN_POINT('',(0.749999999999998,17.1,-14.9));
#4553=CARTESIAN_POINT('',(0.749999999999997,17.1,-13.2));
#4554=CARTESIAN_POINT('',(0.749999999999998,19.5,-14.9));
#4555=CARTESIAN_POINT('Origin',(0.,19.5,-13.9));
#4556=CARTESIAN_POINT('',(-0.75,17.1,-14.9));
#4557=CARTESIAN_POINT('Origin',(0.,17.1,-13.9));
#4558=CARTESIAN_POINT('',(-0.75,19.5,-14.9));
#4559=CARTESIAN_POINT('Origin',(-0.75,19.5,-16.3));
#4560=CARTESIAN_POINT('',(-0.75,17.1,-13.9));
#4561=CARTESIAN_POINT('Origin',(-6.,17.1,-11.5));
#4562=CARTESIAN_POINT('Origin',(-5.5,9.15,15.8));
#4563=CARTESIAN_POINT('',(-5.5,17.1,16.3));
#4564=CARTESIAN_POINT('Origin',(-5.5,17.1,15.8));
#4565=CARTESIAN_POINT('',(-5.5,19.5,16.3));
#4566=CARTESIAN_POINT('',(-5.5,9.15,16.3));
#4567=CARTESIAN_POINT('Origin',(-5.5,19.5,15.8));
#4568=CARTESIAN_POINT('Origin',(0.,18.3,16.3));
#4569=CARTESIAN_POINT('',(-0.75,17.1,16.3));
#4570=CARTESIAN_POINT('',(-6.,17.1,16.3));
#4571=CARTESIAN_POINT('',(-0.75,19.5,16.3));
#4572=CARTESIAN_POINT('',(-0.75,18.9,16.3));
#4573=CARTESIAN_POINT('',(6.,19.5,16.3));
#4574=CARTESIAN_POINT('Origin',(-6.,17.1,11.5));
#4575=CARTESIAN_POINT('',(5.5,17.1,16.3));
#4576=CARTESIAN_POINT('Origin',(5.5,17.1,15.8));
#4577=CARTESIAN_POINT('',(0.75,17.1,16.3));
#4578=CARTESIAN_POINT('',(-6.,17.1,16.3));
#4579=CARTESIAN_POINT('',(0.749999999999998,17.1,14.9));
#4580=CARTESIAN_POINT('',(0.749999999999997,17.1,13.2));
#4581=CARTESIAN_POINT('',(-0.75,17.1,14.9));
#4582=CARTESIAN_POINT('Origin',(0.,17.1,13.9));
#4583=CARTESIAN_POINT('',(-0.75,17.1,13.9));
#4584=CARTESIAN_POINT('Origin',(5.5,9.15,15.8));
#4585=CARTESIAN_POINT('',(5.5,19.5,16.3));
#4586=CARTESIAN_POINT('Origin',(5.5,19.5,15.8));
#4587=CARTESIAN_POINT('',(5.5,9.15,16.3));
#4588=CARTESIAN_POINT('Origin',(0.,18.3,16.3));
#4589=CARTESIAN_POINT('',(0.75,19.5,16.3));
#4590=CARTESIAN_POINT('',(6.,19.5,16.3));
#4591=CARTESIAN_POINT('',(0.75,18.9,16.3));
#4592=CARTESIAN_POINT('Origin',(6.,19.5,11.5));
#4593=CARTESIAN_POINT('',(-0.75,19.5,14.9));
#4594=CARTESIAN_POINT('',(-0.75,19.5,13.9));
#4595=CARTESIAN_POINT('',(0.749999999999998,19.5,14.9));
#4596=CARTESIAN_POINT('Origin',(0.,19.5,13.9));
#4597=CARTESIAN_POINT('',(0.749999999999997,19.5,13.2));
#4598=CARTESIAN_POINT('Origin',(0.749999999999998,19.5,14.9));
#4599=CARTESIAN_POINT('',(0.749999999999998,19.5,14.9));
#4600=CARTESIAN_POINT('Origin',(0.,19.5,13.9));
#4601=CARTESIAN_POINT('',(-0.75,19.5,14.9));
#4602=CARTESIAN_POINT('Origin',(-0.75,19.5,16.3));
#4603=CARTESIAN_POINT('Origin',(0.,31.5,-5.5));
#4604=CARTESIAN_POINT('',(-0.5,31.5,-5.5));
#4605=CARTESIAN_POINT('Origin',(0.,31.5,-5.5));
#4606=CARTESIAN_POINT('',(-0.5,28.5,-5.5));
#4607=CARTESIAN_POINT('',(-0.5,31.5,-5.5));
#4608=CARTESIAN_POINT('Origin',(0.,28.5,-5.5));
#4609=CARTESIAN_POINT('Origin',(-0.391086162600578,31.5,-3.03077914851216));
#4610=CARTESIAN_POINT('',(-0.292024215353566,28.5,-3.01711420769156));
#4611=CARTESIAN_POINT('',(-0.489522371987429,28.5,-3.04839484269514));
#4612=CARTESIAN_POINT('Origin',(-0.391086162600578,28.5,-3.03077914851216));
#4613=CARTESIAN_POINT('',(-0.292024215353566,31.5,-3.01711420769156));
#4614=CARTESIAN_POINT('',(-0.292024215353567,31.5,-3.01711420769156));
#4615=CARTESIAN_POINT('',(-0.489522371987429,31.5,-3.04839484269514));
#4616=CARTESIAN_POINT('Origin',(-0.391086162600578,31.5,-3.03077914851216));
#4617=CARTESIAN_POINT('',(-0.489522371987427,31.5,-3.04839484269514));
#4618=CARTESIAN_POINT('Origin',(-0.772542485937369,31.5,-3.12235870926212));
#4619=CARTESIAN_POINT('',(-0.676837823351922,28.5,-3.09336530381526));
#4620=CARTESIAN_POINT('',(-0.867011080545317,28.5,-3.15515634077416));
#4621=CARTESIAN_POINT('Origin',(-0.772542485937369,28.5,-3.12235870926212));
#4622=CARTESIAN_POINT('',(-0.676837823351922,31.5,-3.09336530381526));
#4623=CARTESIAN_POINT('',(-0.676837823351924,31.5,-3.09336530381526));
#4624=CARTESIAN_POINT('',(-0.867011080545317,31.5,-3.15515634077416));
#4625=CARTESIAN_POINT('Origin',(-0.772542485937369,31.5,-3.12235870926212));
#4626=CARTESIAN_POINT('',(-0.867011080545316,31.5,-3.15515634077416));
#4627=CARTESIAN_POINT('Origin',(-1.13497624934887,31.5,-3.27248368952908));
#4628=CARTESIAN_POINT('',(-1.0449854378434,28.5,-3.22887573332166));
#4629=CARTESIAN_POINT('',(-1.22315109885537,28.5,-3.31965567183326));
#4630=CARTESIAN_POINT('Origin',(-1.13497624934887,28.5,-3.27248368952908));
#4631=CARTESIAN_POINT('',(-1.0449854378434,31.5,-3.22887573332166));
#4632=CARTESIAN_POINT('',(-1.0449854378434,31.5,-3.22887573332166));
#4633=CARTESIAN_POINT('',(-1.22315109885537,31.5,-3.31965567183326));
#4634=CARTESIAN_POINT('Origin',(-1.13497624934887,31.5,-3.27248368952908));
#4635=CARTESIAN_POINT('',(-1.22315109885537,31.5,-3.31965567183325));
#4636=CARTESIAN_POINT('Origin',(-1.46946313073118,31.5,-3.47745751406263));
#4637=CARTESIAN_POINT('',(-1.38740204274735,28.5,-3.42030877970299));
#4638=CARTESIAN_POINT('',(-1.54917307770585,28.5,-3.53784231639978));
#4639=CARTESIAN_POINT('Origin',(-1.46946313073118,28.5,-3.47745751406263));
#4640=CARTESIAN_POINT('',(-1.38740204274735,31.5,-3.42030877970299));
#4641=CARTESIAN_POINT('',(-1.38740204274735,31.5,-3.42030877970299));
#4642=CARTESIAN_POINT('',(-1.54917307770585,31.5,-3.53784231639978));
#4643=CARTESIAN_POINT('Origin',(-1.46946313073118,31.5,-3.47745751406263));
#4644=CARTESIAN_POINT('',(-1.54917307770585,31.5,-3.53784231639978));
#4645=CARTESIAN_POINT('Origin',(-1.76776695296637,31.5,-3.73223304703363));
#4646=CARTESIAN_POINT('',(-1.69565620483546,28.5,-3.66295072602747));
#4647=CARTESIAN_POINT('',(-1.83704927397253,28.5,-3.80434379516454));
#4648=CARTESIAN_POINT('Origin',(-1.76776695296637,28.5,-3.73223304703363));
#4649=CARTESIAN_POINT('',(-1.69565620483546,31.5,-3.66295072602747));
#4650=CARTESIAN_POINT('',(-1.69565620483546,31.5,-3.66295072602747));
#4651=CARTESIAN_POINT('',(-1.83704927397253,31.5,-3.80434379516454));
#4652=CARTESIAN_POINT('Origin',(-1.76776695296637,31.5,-3.73223304703363));
#4653=CARTESIAN_POINT('',(-1.83704927397253,31.5,-3.80434379516454));
#4654=CARTESIAN_POINT('Origin',(-2.02254248593737,31.5,-4.03053686926882));
#4655=CARTESIAN_POINT('',(-1.96215768360022,28.5,-3.95082692229415));
#4656=CARTESIAN_POINT('',(-2.07969122029702,28.5,-4.11259795725265));
#4657=CARTESIAN_POINT('Origin',(-2.02254248593737,28.5,-4.03053686926882));
#4658=CARTESIAN_POINT('',(-1.96215768360022,31.5,-3.95082692229415));
#4659=CARTESIAN_POINT('',(-1.96215768360022,31.5,-3.95082692229415));
#4660=CARTESIAN_POINT('',(-2.07969122029702,31.5,-4.11259795725265));
#4661=CARTESIAN_POINT('Origin',(-2.02254248593737,31.5,-4.03053686926882));
#4662=CARTESIAN_POINT('',(-2.07969122029701,31.5,-4.11259795725265));
#4663=CARTESIAN_POINT('Origin',(-2.22751631047092,31.5,-4.36502375065113));
#4664=CARTESIAN_POINT('',(-2.18034432816675,28.5,-4.27684890114463));
#4665=CARTESIAN_POINT('',(-2.27112426667834,28.5,-4.4550145621566));
#4666=CARTESIAN_POINT('Origin',(-2.22751631047092,28.5,-4.36502375065113));
#4667=CARTESIAN_POINT('',(-2.18034432816675,31.5,-4.27684890114463));
#4668=CARTESIAN_POINT('',(-2.18034432816675,31.5,-4.27684890114463));
#4669=CARTESIAN_POINT('',(-2.27112426667834,31.5,-4.4550145621566));
#4670=CARTESIAN_POINT('Origin',(-2.22751631047092,31.5,-4.36502375065113));
#4671=CARTESIAN_POINT('',(-2.27112426667834,31.5,-4.4550145621566));
#4672=CARTESIAN_POINT('Origin',(-2.37764129073788,31.5,-4.72745751406263));
#4673=CARTESIAN_POINT('',(-2.34484365922584,28.5,-4.63298891945468));
#4674=CARTESIAN_POINT('',(-2.40663469618474,28.5,-4.82316217664808));
#4675=CARTESIAN_POINT('Origin',(-2.37764129073788,28.5,-4.72745751406263));
#4676=CARTESIAN_POINT('',(-2.34484365922584,31.5,-4.63298891945468));
#4677=CARTESIAN_POINT('',(-2.34484365922584,31.5,-4.63298891945468));
#4678=CARTESIAN_POINT('',(-2.40663469618474,31.5,-4.82316217664808));
#4679=CARTESIAN_POINT('Origin',(-2.37764129073788,31.5,-4.72745751406263));
#4680=CARTESIAN_POINT('',(-2.40663469618474,31.5,-4.82316217664808));
#4681=CARTESIAN_POINT('Origin',(-2.46922085148784,31.5,-5.10891383739942));
#4682=CARTESIAN_POINT('',(-2.45160515730486,28.5,-5.01047762801257));
#4683=CARTESIAN_POINT('',(-2.48288579230845,28.5,-5.20797578464644));
#4684=CARTESIAN_POINT('Origin',(-2.46922085148784,28.5,-5.10891383739942));
#4685=CARTESIAN_POINT('',(-2.45160515730486,31.5,-5.01047762801257));
#4686=CARTESIAN_POINT('',(-2.45160515730486,31.5,-5.01047762801257));
#4687=CARTESIAN_POINT('',(-2.48288579230845,31.5,-5.20797578464644));
#4688=CARTESIAN_POINT('Origin',(-2.46922085148784,31.5,-5.10891383739942));
#4689=CARTESIAN_POINT('',(-2.48288579230845,31.5,-5.20797578464643));
#4690=CARTESIAN_POINT('Origin',(-2.5,31.5,-5.5));
#4691=CARTESIAN_POINT('',(-2.498,28.5,-5.4000200020004));
#4692=CARTESIAN_POINT('',(-2.498,28.5,-5.5999799979996));
#4693=CARTESIAN_POINT('Origin',(-2.5,28.5,-5.5));
#4694=CARTESIAN_POINT('',(-2.498,31.5,-5.4000200020004));
#4695=CARTESIAN_POINT('',(-2.498,31.5,-5.4000200020004));
#4696=CARTESIAN_POINT('',(-2.498,31.5,-5.5999799979996));
#4697=CARTESIAN_POINT('Origin',(-2.5,31.5,-5.5));
#4698=CARTESIAN_POINT('',(-2.498,31.5,-5.5999799979996));
#4699=CARTESIAN_POINT('Origin',(-2.46922085148785,31.5,-5.89108616260058));
#4700=CARTESIAN_POINT('',(-2.48288579230845,28.5,-5.79202421535356));
#4701=CARTESIAN_POINT('',(-2.45160515730486,28.5,-5.98952237198743));
#4702=CARTESIAN_POINT('Origin',(-2.46922085148785,28.5,-5.89108616260058));
#4703=CARTESIAN_POINT('',(-2.48288579230845,31.5,-5.79202421535356));
#4704=CARTESIAN_POINT('',(-2.48288579230845,31.5,-5.79202421535357));
#4705=CARTESIAN_POINT('',(-2.45160515730486,31.5,-5.98952237198743));
#4706=CARTESIAN_POINT('Origin',(-2.46922085148785,31.5,-5.89108616260058));
#4707=CARTESIAN_POINT('',(-2.45160515730486,31.5,-5.98952237198743));
#4708=CARTESIAN_POINT('Origin',(-2.37764129073788,31.5,-6.27254248593737));
#4709=CARTESIAN_POINT('',(-2.40663469618474,28.5,-6.17683782335192));
#4710=CARTESIAN_POINT('',(-2.34484365922584,28.5,-6.36701108054532));
#4711=CARTESIAN_POINT('Origin',(-2.37764129073788,28.5,-6.27254248593737));
#4712=CARTESIAN_POINT('',(-2.40663469618474,31.5,-6.17683782335192));
#4713=CARTESIAN_POINT('',(-2.40663469618474,31.5,-6.17683782335192));
#4714=CARTESIAN_POINT('',(-2.34484365922584,31.5,-6.36701108054532));
#4715=CARTESIAN_POINT('Origin',(-2.37764129073788,31.5,-6.27254248593737));
#4716=CARTESIAN_POINT('',(-2.34484365922584,31.5,-6.36701108054532));
#4717=CARTESIAN_POINT('Origin',(-2.22751631047092,31.5,-6.63497624934887));
#4718=CARTESIAN_POINT('',(-2.27112426667834,28.5,-6.5449854378434));
#4719=CARTESIAN_POINT('',(-2.18034432816675,28.5,-6.72315109885537));
#4720=CARTESIAN_POINT('Origin',(-2.22751631047092,28.5,-6.63497624934887));
#4721=CARTESIAN_POINT('',(-2.27112426667834,31.5,-6.5449854378434));
#4722=CARTESIAN_POINT('',(-2.27112426667834,31.5,-6.5449854378434));
#4723=CARTESIAN_POINT('',(-2.18034432816675,31.5,-6.72315109885537));
#4724=CARTESIAN_POINT('Origin',(-2.22751631047092,31.5,-6.63497624934887));
#4725=CARTESIAN_POINT('',(-2.18034432816675,31.5,-6.72315109885537));
#4726=CARTESIAN_POINT('Origin',(-2.02254248593737,31.5,-6.96946313073119));
#4727=CARTESIAN_POINT('',(-2.07969122029702,28.5,-6.88740204274735));
#4728=CARTESIAN_POINT('',(-1.96215768360022,28.5,-7.04917307770585));
#4729=CARTESIAN_POINT('Origin',(-2.02254248593737,28.5,-6.96946313073119));
#4730=CARTESIAN_POINT('',(-2.07969122029702,31.5,-6.88740204274735));
#4731=CARTESIAN_POINT('',(-2.07969122029701,31.5,-6.88740204274735));
#4732=CARTESIAN_POINT('',(-1.96215768360022,31.5,-7.04917307770585));
#4733=CARTESIAN_POINT('Origin',(-2.02254248593737,31.5,-6.96946313073119));
#4734=CARTESIAN_POINT('',(-1.96215768360022,31.5,-7.04917307770585));
#4735=CARTESIAN_POINT('Origin',(-1.76776695296637,31.5,-7.26776695296637));
#4736=CARTESIAN_POINT('',(-1.83704927397253,28.5,-7.19565620483546));
#4737=CARTESIAN_POINT('',(-1.69565620483546,28.5,-7.33704927397253));
#4738=CARTESIAN_POINT('Origin',(-1.76776695296637,28.5,-7.26776695296637));
#4739=CARTESIAN_POINT('',(-1.83704927397253,31.5,-7.19565620483546));
#4740=CARTESIAN_POINT('',(-1.83704927397253,31.5,-7.19565620483546));
#4741=CARTESIAN_POINT('',(-1.69565620483546,31.5,-7.33704927397253));
#4742=CARTESIAN_POINT('Origin',(-1.76776695296637,31.5,-7.26776695296637));
#4743=CARTESIAN_POINT('',(-1.69565620483546,31.5,-7.33704927397253));
#4744=CARTESIAN_POINT('Origin',(-1.46946313073118,31.5,-7.52254248593737));
#4745=CARTESIAN_POINT('',(-1.54917307770585,28.5,-7.46215768360022));
#4746=CARTESIAN_POINT('',(-1.38740204274735,28.5,-7.57969122029702));
#4747=CARTESIAN_POINT('Origin',(-1.46946313073118,28.5,-7.52254248593737));
#4748=CARTESIAN_POINT('',(-1.54917307770585,31.5,-7.46215768360022));
#4749=CARTESIAN_POINT('',(-1.54917307770585,31.5,-7.46215768360022));
#4750=CARTESIAN_POINT('',(-1.38740204274735,31.5,-7.57969122029702));
#4751=CARTESIAN_POINT('Origin',(-1.46946313073118,31.5,-7.52254248593737));
#4752=CARTESIAN_POINT('',(-1.38740204274735,31.5,-7.57969122029702));
#4753=CARTESIAN_POINT('Origin',(-1.13497624934887,31.5,-7.72751631047092));
#4754=CARTESIAN_POINT('',(-1.22315109885537,28.5,-7.68034432816675));
#4755=CARTESIAN_POINT('',(-1.0449854378434,28.5,-7.77112426667834));
#4756=CARTESIAN_POINT('Origin',(-1.13497624934887,28.5,-7.72751631047092));
#4757=CARTESIAN_POINT('',(-1.22315109885537,31.5,-7.68034432816675));
#4758=CARTESIAN_POINT('',(-1.22315109885537,31.5,-7.68034432816675));
#4759=CARTESIAN_POINT('',(-1.0449854378434,31.5,-7.77112426667834));
#4760=CARTESIAN_POINT('Origin',(-1.13497624934887,31.5,-7.72751631047092));
#4761=CARTESIAN_POINT('',(-1.0449854378434,31.5,-7.77112426667834));
#4762=CARTESIAN_POINT('Origin',(-0.772542485937369,31.5,-7.87764129073789));
#4763=CARTESIAN_POINT('',(-0.867011080545316,28.5,-7.84484365922585));
#4764=CARTESIAN_POINT('',(-0.676837823351922,28.5,-7.90663469618475));
#4765=CARTESIAN_POINT('Origin',(-0.772542485937369,28.5,-7.87764129073789));
#4766=CARTESIAN_POINT('',(-0.867011080545316,31.5,-7.84484365922585));
#4767=CARTESIAN_POINT('',(-0.867011080545314,31.5,-7.84484365922584));
#4768=CARTESIAN_POINT('',(-0.676837823351922,31.5,-7.90663469618475));
#4769=CARTESIAN_POINT('Origin',(-0.772542485937369,31.5,-7.87764129073789));
#4770=CARTESIAN_POINT('',(-0.676837823351922,31.5,-7.90663469618474));
#4771=CARTESIAN_POINT('Origin',(-0.391086162600577,31.5,-7.96922085148784));
#4772=CARTESIAN_POINT('',(-0.489522371987428,28.5,-7.95160515730486));
#4773=CARTESIAN_POINT('',(-0.292024215353565,28.5,-7.98288579230845));
#4774=CARTESIAN_POINT('Origin',(-0.391086162600577,28.5,-7.96922085148784));
#4775=CARTESIAN_POINT('',(-0.489522371987428,31.5,-7.95160515730486));
#4776=CARTESIAN_POINT('',(-0.489522371987427,31.5,-7.95160515730486));
#4777=CARTESIAN_POINT('',(-0.292024215353565,31.5,-7.98288579230845));
#4778=CARTESIAN_POINT('Origin',(-0.391086162600577,31.5,-7.96922085148784));
#4779=CARTESIAN_POINT('',(-0.292024215353566,31.5,-7.98288579230845));
#4780=CARTESIAN_POINT('Origin',(1.38777878078145E-16,31.5,-8.));
#4781=CARTESIAN_POINT('',(-0.0999799979996015,28.5,-7.998));
#4782=CARTESIAN_POINT('',(0.0999799979996017,28.5,-7.998));
#4783=CARTESIAN_POINT('Origin',(1.38777878078145E-16,28.5,-8.));
#4784=CARTESIAN_POINT('',(-0.0999799979996015,31.5,-7.998));
#4785=CARTESIAN_POINT('',(-0.0999799979995999,31.5,-7.998));
#4786=CARTESIAN_POINT('',(0.0999799979996017,31.5,-7.998));
#4787=CARTESIAN_POINT('Origin',(1.38777878078145E-16,31.5,-8.));
#4788=CARTESIAN_POINT('',(0.0999799979996001,31.5,-7.998));
#4789=CARTESIAN_POINT('Origin',(0.391086162600577,31.5,-7.96922085148784));
#4790=CARTESIAN_POINT('',(0.292024215353565,28.5,-7.98288579230845));
#4791=CARTESIAN_POINT('',(0.489522371987429,28.5,-7.95160515730486));
#4792=CARTESIAN_POINT('Origin',(0.391086162600577,28.5,-7.96922085148784));
#4793=CARTESIAN_POINT('',(0.292024215353565,31.5,-7.98288579230845));
#4794=CARTESIAN_POINT('',(0.292024215353567,31.5,-7.98288579230845));
#4795=CARTESIAN_POINT('',(0.489522371987429,31.5,-7.95160515730486));
#4796=CARTESIAN_POINT('Origin',(0.391086162600577,31.5,-7.96922085148784));
#4797=CARTESIAN_POINT('',(0.489522371987427,31.5,-7.95160515730486));
#4798=CARTESIAN_POINT('Origin',(0.772542485937369,31.5,-7.87764129073789));
#4799=CARTESIAN_POINT('',(0.676837823351921,28.5,-7.90663469618475));
#4800=CARTESIAN_POINT('',(0.867011080545316,28.5,-7.84484365922585));
#4801=CARTESIAN_POINT('Origin',(0.772542485937369,28.5,-7.87764129073789));
#4802=CARTESIAN_POINT('',(0.676837823351921,31.5,-7.90663469618475));
#4803=CARTESIAN_POINT('',(0.676837823351922,31.5,-7.90663469618474));
#4804=CARTESIAN_POINT('',(0.867011080545316,31.5,-7.84484365922585));
#4805=CARTESIAN_POINT('Origin',(0.772542485937369,31.5,-7.87764129073789));
#4806=CARTESIAN_POINT('',(0.867011080545314,31.5,-7.84484365922584));
#4807=CARTESIAN_POINT('Origin',(1.13497624934887,31.5,-7.72751631047092));
#4808=CARTESIAN_POINT('',(1.0449854378434,28.5,-7.77112426667834));
#4809=CARTESIAN_POINT('',(1.22315109885537,28.5,-7.68034432816675));
#4810=CARTESIAN_POINT('Origin',(1.13497624934887,28.5,-7.72751631047092));
#4811=CARTESIAN_POINT('',(1.0449854378434,31.5,-7.77112426667834));
#4812=CARTESIAN_POINT('',(1.0449854378434,31.5,-7.77112426667834));
#4813=CARTESIAN_POINT('',(1.22315109885537,31.5,-7.68034432816675));
#4814=CARTESIAN_POINT('Origin',(1.13497624934887,31.5,-7.72751631047092));
#4815=CARTESIAN_POINT('',(1.22315109885537,31.5,-7.68034432816675));
#4816=CARTESIAN_POINT('Origin',(1.46946313073118,31.5,-7.52254248593737));
#4817=CARTESIAN_POINT('',(1.38740204274735,28.5,-7.57969122029702));
#4818=CARTESIAN_POINT('',(1.54917307770585,28.5,-7.46215768360022));
#4819=CARTESIAN_POINT('Origin',(1.46946313073118,28.5,-7.52254248593737));
#4820=CARTESIAN_POINT('',(1.38740204274735,31.5,-7.57969122029702));
#4821=CARTESIAN_POINT('',(1.38740204274735,31.5,-7.57969122029701));
#4822=CARTESIAN_POINT('',(1.54917307770585,31.5,-7.46215768360022));
#4823=CARTESIAN_POINT('Origin',(1.46946313073118,31.5,-7.52254248593737));
#4824=CARTESIAN_POINT('',(1.54917307770585,31.5,-7.46215768360022));
#4825=CARTESIAN_POINT('Origin',(1.76776695296637,31.5,-7.26776695296637));
#4826=CARTESIAN_POINT('',(1.69565620483546,28.5,-7.33704927397253));
#4827=CARTESIAN_POINT('',(1.83704927397253,28.5,-7.19565620483546));
#4828=CARTESIAN_POINT('Origin',(1.76776695296637,28.5,-7.26776695296637));
#4829=CARTESIAN_POINT('',(1.69565620483546,31.5,-7.33704927397253));
#4830=CARTESIAN_POINT('',(1.69565620483546,31.5,-7.33704927397253));
#4831=CARTESIAN_POINT('',(1.83704927397253,31.5,-7.19565620483546));
#4832=CARTESIAN_POINT('Origin',(1.76776695296637,31.5,-7.26776695296637));
#4833=CARTESIAN_POINT('',(1.83704927397253,31.5,-7.19565620483546));
#4834=CARTESIAN_POINT('Origin',(2.02254248593737,31.5,-6.96946313073118));
#4835=CARTESIAN_POINT('',(1.96215768360022,28.5,-7.04917307770585));
#4836=CARTESIAN_POINT('',(2.07969122029702,28.5,-6.88740204274735));
#4837=CARTESIAN_POINT('Origin',(2.02254248593737,28.5,-6.96946313073118));
#4838=CARTESIAN_POINT('',(1.96215768360022,31.5,-7.04917307770585));
#4839=CARTESIAN_POINT('',(1.96215768360022,31.5,-7.04917307770585));
#4840=CARTESIAN_POINT('',(2.07969122029702,31.5,-6.88740204274735));
#4841=CARTESIAN_POINT('Origin',(2.02254248593737,31.5,-6.96946313073118));
#4842=CARTESIAN_POINT('',(2.07969122029701,31.5,-6.88740204274735));
#4843=CARTESIAN_POINT('Origin',(2.22751631047092,31.5,-6.63497624934887));
#4844=CARTESIAN_POINT('',(2.18034432816675,28.5,-6.72315109885537));
#4845=CARTESIAN_POINT('',(2.27112426667834,28.5,-6.5449854378434));
#4846=CARTESIAN_POINT('Origin',(2.22751631047092,28.5,-6.63497624934887));
#4847=CARTESIAN_POINT('',(2.18034432816675,31.5,-6.72315109885537));
#4848=CARTESIAN_POINT('',(2.18034432816675,31.5,-6.72315109885537));
#4849=CARTESIAN_POINT('',(2.27112426667834,31.5,-6.5449854378434));
#4850=CARTESIAN_POINT('Origin',(2.22751631047092,31.5,-6.63497624934887));
#4851=CARTESIAN_POINT('',(2.27112426667834,31.5,-6.5449854378434));
#4852=CARTESIAN_POINT('Origin',(2.37764129073788,31.5,-6.27254248593737));
#4853=CARTESIAN_POINT('',(2.34484365922584,28.5,-6.36701108054532));
#4854=CARTESIAN_POINT('',(2.40663469618474,28.5,-6.17683782335192));
#4855=CARTESIAN_POINT('Origin',(2.37764129073788,28.5,-6.27254248593737));
#4856=CARTESIAN_POINT('',(2.34484365922584,31.5,-6.36701108054532));
#4857=CARTESIAN_POINT('',(2.34484365922584,31.5,-6.36701108054531));
#4858=CARTESIAN_POINT('',(2.40663469618474,31.5,-6.17683782335192));
#4859=CARTESIAN_POINT('Origin',(2.37764129073788,31.5,-6.27254248593737));
#4860=CARTESIAN_POINT('',(2.40663469618474,31.5,-6.17683782335192));
#4861=CARTESIAN_POINT('Origin',(2.46922085148785,31.5,-5.89108616260058));
#4862=CARTESIAN_POINT('',(2.45160515730486,28.5,-5.98952237198743));
#4863=CARTESIAN_POINT('',(2.48288579230845,28.5,-5.79202421535357));
#4864=CARTESIAN_POINT('Origin',(2.46922085148785,28.5,-5.89108616260058));
#4865=CARTESIAN_POINT('',(2.45160515730486,31.5,-5.98952237198743));
#4866=CARTESIAN_POINT('',(2.45160515730486,31.5,-5.98952237198743));
#4867=CARTESIAN_POINT('',(2.48288579230845,31.5,-5.79202421535357));
#4868=CARTESIAN_POINT('Origin',(2.46922085148785,31.5,-5.89108616260058));
#4869=CARTESIAN_POINT('',(2.48288579230845,31.5,-5.79202421535357));
#4870=CARTESIAN_POINT('Origin',(2.5,31.5,-5.5));
#4871=CARTESIAN_POINT('',(2.498,28.5,-5.5999799979996));
#4872=CARTESIAN_POINT('',(2.498,28.5,-5.4000200020004));
#4873=CARTESIAN_POINT('Origin',(2.5,28.5,-5.5));
#4874=CARTESIAN_POINT('',(2.498,31.5,-5.5999799979996));
#4875=CARTESIAN_POINT('',(2.498,31.5,-5.5999799979996));
#4876=CARTESIAN_POINT('',(2.498,31.5,-5.4000200020004));
#4877=CARTESIAN_POINT('Origin',(2.5,31.5,-5.5));
#4878=CARTESIAN_POINT('',(2.498,31.5,-5.4000200020004));
#4879=CARTESIAN_POINT('Origin',(2.46922085148784,31.5,-5.10891383739942));
#4880=CARTESIAN_POINT('',(2.48288579230845,28.5,-5.20797578464644));
#4881=CARTESIAN_POINT('',(2.45160515730486,28.5,-5.01047762801257));
#4882=CARTESIAN_POINT('Origin',(2.46922085148784,28.5,-5.10891383739942));
#4883=CARTESIAN_POINT('',(2.48288579230845,31.5,-5.20797578464644));
#4884=CARTESIAN_POINT('',(2.48288579230845,31.5,-5.20797578464643));
#4885=CARTESIAN_POINT('',(2.45160515730486,31.5,-5.01047762801257));
#4886=CARTESIAN_POINT('Origin',(2.46922085148784,31.5,-5.10891383739942));
#4887=CARTESIAN_POINT('',(2.45160515730486,31.5,-5.01047762801257));
#4888=CARTESIAN_POINT('Origin',(2.37764129073788,31.5,-4.72745751406263));
#4889=CARTESIAN_POINT('',(2.40663469618474,28.5,-4.82316217664808));
#4890=CARTESIAN_POINT('',(2.34484365922584,28.5,-4.63298891945468));
#4891=CARTESIAN_POINT('Origin',(2.37764129073788,28.5,-4.72745751406263));
#4892=CARTESIAN_POINT('',(2.40663469618474,31.5,-4.82316217664808));
#4893=CARTESIAN_POINT('',(2.40663469618474,31.5,-4.82316217664808));
#4894=CARTESIAN_POINT('',(2.34484365922584,31.5,-4.63298891945468));
#4895=CARTESIAN_POINT('Origin',(2.37764129073788,31.5,-4.72745751406263));
#4896=CARTESIAN_POINT('',(2.34484365922584,31.5,-4.63298891945469));
#4897=CARTESIAN_POINT('Origin',(2.22751631047092,31.5,-4.36502375065113));
#4898=CARTESIAN_POINT('',(2.27112426667834,28.5,-4.4550145621566));
#4899=CARTESIAN_POINT('',(2.18034432816675,28.5,-4.27684890114463));
#4900=CARTESIAN_POINT('Origin',(2.22751631047092,28.5,-4.36502375065113));
#4901=CARTESIAN_POINT('',(2.27112426667834,31.5,-4.4550145621566));
#4902=CARTESIAN_POINT('',(2.27112426667834,31.5,-4.4550145621566));
#4903=CARTESIAN_POINT('',(2.18034432816675,31.5,-4.27684890114463));
#4904=CARTESIAN_POINT('Origin',(2.22751631047092,31.5,-4.36502375065113));
#4905=CARTESIAN_POINT('',(2.18034432816675,31.5,-4.27684890114463));
#4906=CARTESIAN_POINT('Origin',(2.02254248593737,31.5,-4.03053686926882));
#4907=CARTESIAN_POINT('',(2.07969122029702,28.5,-4.11259795725265));
#4908=CARTESIAN_POINT('',(1.96215768360022,28.5,-3.95082692229415));
#4909=CARTESIAN_POINT('Origin',(2.02254248593737,28.5,-4.03053686926882));
#4910=CARTESIAN_POINT('',(2.07969122029702,31.5,-4.11259795725265));
#4911=CARTESIAN_POINT('',(2.07969122029701,31.5,-4.11259795725265));
#4912=CARTESIAN_POINT('',(1.96215768360022,31.5,-3.95082692229415));
#4913=CARTESIAN_POINT('Origin',(2.02254248593737,31.5,-4.03053686926882));
#4914=CARTESIAN_POINT('',(1.96215768360022,31.5,-3.95082692229415));
#4915=CARTESIAN_POINT('Origin',(1.76776695296637,31.5,-3.73223304703363));
#4916=CARTESIAN_POINT('',(1.83704927397253,28.5,-3.80434379516454));
#4917=CARTESIAN_POINT('',(1.69565620483546,28.5,-3.66295072602747));
#4918=CARTESIAN_POINT('Origin',(1.76776695296637,28.5,-3.73223304703363));
#4919=CARTESIAN_POINT('',(1.83704927397253,31.5,-3.80434379516454));
#4920=CARTESIAN_POINT('',(1.83704927397253,31.5,-3.80434379516454));
#4921=CARTESIAN_POINT('',(1.69565620483546,31.5,-3.66295072602747));
#4922=CARTESIAN_POINT('Origin',(1.76776695296637,31.5,-3.73223304703363));
#4923=CARTESIAN_POINT('',(1.69565620483546,31.5,-3.66295072602747));
#4924=CARTESIAN_POINT('Origin',(1.46946313073118,31.5,-3.47745751406263));
#4925=CARTESIAN_POINT('',(1.54917307770585,28.5,-3.53784231639978));
#4926=CARTESIAN_POINT('',(1.38740204274735,28.5,-3.42030877970299));
#4927=CARTESIAN_POINT('Origin',(1.46946313073118,28.5,-3.47745751406263));
#4928=CARTESIAN_POINT('',(1.54917307770585,31.5,-3.53784231639978));
#4929=CARTESIAN_POINT('',(1.54917307770585,31.5,-3.53784231639978));
#4930=CARTESIAN_POINT('',(1.38740204274735,31.5,-3.42030877970299));
#4931=CARTESIAN_POINT('Origin',(1.46946313073118,31.5,-3.47745751406263));
#4932=CARTESIAN_POINT('',(1.38740204274735,31.5,-3.42030877970299));
#4933=CARTESIAN_POINT('Origin',(1.13497624934887,31.5,-3.27248368952908));
#4934=CARTESIAN_POINT('',(1.22315109885537,28.5,-3.31965567183326));
#4935=CARTESIAN_POINT('',(1.0449854378434,28.5,-3.22887573332166));
#4936=CARTESIAN_POINT('Origin',(1.13497624934887,28.5,-3.27248368952908));
#4937=CARTESIAN_POINT('',(1.22315109885537,31.5,-3.31965567183326));
#4938=CARTESIAN_POINT('',(1.22315109885537,31.5,-3.31965567183325));
#4939=CARTESIAN_POINT('',(1.0449854378434,31.5,-3.22887573332166));
#4940=CARTESIAN_POINT('Origin',(1.13497624934887,31.5,-3.27248368952908));
#4941=CARTESIAN_POINT('',(1.0449854378434,31.5,-3.22887573332166));
#4942=CARTESIAN_POINT('Origin',(0.772542485937369,31.5,-3.12235870926212));
#4943=CARTESIAN_POINT('',(0.867011080545316,28.5,-3.15515634077416));
#4944=CARTESIAN_POINT('',(0.676837823351922,28.5,-3.09336530381526));
#4945=CARTESIAN_POINT('Origin',(0.772542485937369,28.5,-3.12235870926212));
#4946=CARTESIAN_POINT('',(0.867011080545316,31.5,-3.15515634077416));
#4947=CARTESIAN_POINT('',(0.867011080545315,31.5,-3.15515634077416));
#4948=CARTESIAN_POINT('',(0.676837823351922,31.5,-3.09336530381526));
#4949=CARTESIAN_POINT('Origin',(0.772542485937369,31.5,-3.12235870926212));
#4950=CARTESIAN_POINT('',(0.676837823351923,31.5,-3.09336530381526));
#4951=CARTESIAN_POINT('Origin',(0.391086162600577,31.5,-3.03077914851216));
#4952=CARTESIAN_POINT('',(0.489522371987428,28.5,-3.04839484269514));
#4953=CARTESIAN_POINT('',(0.292024215353565,28.5,-3.01711420769156));
#4954=CARTESIAN_POINT('Origin',(0.391086162600577,28.5,-3.03077914851216));
#4955=CARTESIAN_POINT('',(0.489522371987428,31.5,-3.04839484269514));
#4956=CARTESIAN_POINT('',(0.489522371987427,31.5,-3.04839484269514));
#4957=CARTESIAN_POINT('',(0.292024215353565,31.5,-3.01711420769156));
#4958=CARTESIAN_POINT('Origin',(0.391086162600577,31.5,-3.03077914851216));
#4959=CARTESIAN_POINT('',(0.292024215353567,31.5,-3.01711420769156));
#4960=CARTESIAN_POINT('Origin',(0.,31.5,-5.5));
#4961=CARTESIAN_POINT('',(-0.0999799979996015,31.5,-3.002));
#4962=CARTESIAN_POINT('Origin',(0.,31.5,-5.5));
#4963=CARTESIAN_POINT('',(0.0999799979996015,31.5,-3.002));
#4964=CARTESIAN_POINT('Origin',(0.,31.5,-3.));
#4965=CARTESIAN_POINT('Origin',(0.,31.5,-5.5));
#4966=CARTESIAN_POINT('Origin',(0.,31.5,-5.5));
#4967=CARTESIAN_POINT('Origin',(0.,31.5,-5.5));
#4968=CARTESIAN_POINT('Origin',(0.,31.5,-5.5));
#4969=CARTESIAN_POINT('Origin',(0.,31.5,-5.5));
#4970=CARTESIAN_POINT('Origin',(0.,31.5,-5.5));
#4971=CARTESIAN_POINT('Origin',(0.,31.5,-5.5));
#4972=CARTESIAN_POINT('Origin',(0.,31.5,-5.5));
#4973=CARTESIAN_POINT('Origin',(0.,31.5,-5.5));
#4974=CARTESIAN_POINT('Origin',(0.,31.5,-5.5));
#4975=CARTESIAN_POINT('Origin',(0.,31.5,-5.5));
#4976=CARTESIAN_POINT('Origin',(0.,31.5,-5.5));
#4977=CARTESIAN_POINT('Origin',(0.,31.5,-5.5));
#4978=CARTESIAN_POINT('Origin',(0.,31.5,-5.5));
#4979=CARTESIAN_POINT('Origin',(0.,31.5,-5.5));
#4980=CARTESIAN_POINT('Origin',(0.,31.5,-5.5));
#4981=CARTESIAN_POINT('Origin',(0.,31.5,-5.5));
#4982=CARTESIAN_POINT('Origin',(0.,31.5,-5.5));
#4983=CARTESIAN_POINT('Origin',(0.,31.5,-5.5));
#4984=CARTESIAN_POINT('Origin',(0.,31.5,-5.5));
#4985=CARTESIAN_POINT('Origin',(0.,31.5,-5.5));
#4986=CARTESIAN_POINT('Origin',(0.,31.5,-5.5));
#4987=CARTESIAN_POINT('Origin',(0.,31.5,-5.5));
#4988=CARTESIAN_POINT('Origin',(0.,31.5,-5.5));
#4989=CARTESIAN_POINT('Origin',(0.,31.5,-5.5));
#4990=CARTESIAN_POINT('Origin',(0.,31.5,-5.5));
#4991=CARTESIAN_POINT('Origin',(0.,31.5,-5.5));
#4992=CARTESIAN_POINT('Origin',(0.,31.5,-5.5));
#4993=CARTESIAN_POINT('Origin',(0.,31.5,-5.5));
#4994=CARTESIAN_POINT('Origin',(0.,31.5,-5.5));
#4995=CARTESIAN_POINT('Origin',(0.,31.5,-5.5));
#4996=CARTESIAN_POINT('Origin',(0.,31.5,-5.5));
#4997=CARTESIAN_POINT('Origin',(0.,31.5,-5.5));
#4998=CARTESIAN_POINT('Origin',(0.,31.5,-5.5));
#4999=CARTESIAN_POINT('Origin',(0.,31.5,-5.5));
#5000=CARTESIAN_POINT('Origin',(0.,31.5,-5.5));
#5001=CARTESIAN_POINT('Origin',(0.,31.5,-5.5));
#5002=CARTESIAN_POINT('Origin',(0.,31.5,-5.5));
#5003=CARTESIAN_POINT('Origin',(0.,31.5,-5.5));
#5004=CARTESIAN_POINT('Origin',(0.,28.5,-5.5));
#5005=CARTESIAN_POINT('',(-0.0999799979996015,28.5,-3.002));
#5006=CARTESIAN_POINT('Origin',(0.,28.5,-5.5));
#5007=CARTESIAN_POINT('',(-0.0999799979996,31.5,-3.002));
#5008=CARTESIAN_POINT('Origin',(0.,28.5,-5.5));
#5009=CARTESIAN_POINT('',(0.0999799979996015,28.5,-3.002));
#5010=CARTESIAN_POINT('',(0.0999799979996,31.5,-3.002));
#5011=CARTESIAN_POINT('Origin',(0.,28.5,-5.5));
#5012=CARTESIAN_POINT('Origin',(0.,28.5,-5.5));
#5013=CARTESIAN_POINT('Origin',(0.,28.5,-5.5));
#5014=CARTESIAN_POINT('Origin',(0.,28.5,-5.5));
#5015=CARTESIAN_POINT('Origin',(0.,28.5,-5.5));
#5016=CARTESIAN_POINT('Origin',(0.,28.5,-5.5));
#5017=CARTESIAN_POINT('Origin',(0.,28.5,-5.5));
#5018=CARTESIAN_POINT('Origin',(0.,28.5,-5.5));
#5019=CARTESIAN_POINT('Origin',(0.,28.5,-5.5));
#5020=CARTESIAN_POINT('Origin',(0.,28.5,-5.5));
#5021=CARTESIAN_POINT('Origin',(0.,28.5,-5.5));
#5022=CARTESIAN_POINT('Origin',(0.,28.5,-5.5));
#5023=CARTESIAN_POINT('Origin',(0.,28.5,-5.5));
#5024=CARTESIAN_POINT('Origin',(0.,28.5,-5.5));
#5025=CARTESIAN_POINT('Origin',(0.,28.5,-5.5));
#5026=CARTESIAN_POINT('Origin',(0.,28.5,-5.5));
#5027=CARTESIAN_POINT('Origin',(0.,28.5,-5.5));
#5028=CARTESIAN_POINT('Origin',(0.,28.5,-5.5));
#5029=CARTESIAN_POINT('Origin',(0.,28.5,-5.5));
#5030=CARTESIAN_POINT('Origin',(0.,28.5,-5.5));
#5031=CARTESIAN_POINT('Origin',(0.,28.5,-5.5));
#5032=CARTESIAN_POINT('Origin',(0.,28.5,-5.5));
#5033=CARTESIAN_POINT('Origin',(0.,28.5,-5.5));
#5034=CARTESIAN_POINT('Origin',(0.,28.5,-5.5));
#5035=CARTESIAN_POINT('Origin',(0.,28.5,-5.5));
#5036=CARTESIAN_POINT('Origin',(0.,28.5,-5.5));
#5037=CARTESIAN_POINT('Origin',(0.,28.5,-5.5));
#5038=CARTESIAN_POINT('Origin',(0.,28.5,-5.5));
#5039=CARTESIAN_POINT('Origin',(0.,28.5,-5.5));
#5040=CARTESIAN_POINT('Origin',(0.,28.5,-5.5));
#5041=CARTESIAN_POINT('Origin',(0.,28.5,-5.5));
#5042=CARTESIAN_POINT('Origin',(0.,28.5,-5.5));
#5043=CARTESIAN_POINT('Origin',(0.,28.5,-5.5));
#5044=CARTESIAN_POINT('Origin',(0.,28.5,-5.5));
#5045=CARTESIAN_POINT('Origin',(0.,28.5,-5.5));
#5046=CARTESIAN_POINT('Origin',(0.,28.5,-5.5));
#5047=CARTESIAN_POINT('Origin',(0.,28.5,-5.5));
#5048=CARTESIAN_POINT('Origin',(0.,28.5,-5.5));
#5049=CARTESIAN_POINT('Origin',(0.,28.5,-5.5));
#5050=CARTESIAN_POINT('Origin',(0.,28.5,-5.5));
#5051=CARTESIAN_POINT('Origin',(0.,28.5,-5.5));
#5052=CARTESIAN_POINT('Origin',(0.,28.5,-5.5));
#5053=CARTESIAN_POINT('Origin',(0.,28.5,-5.5));
#5054=CARTESIAN_POINT('Origin',(0.,28.5,-5.5));
#5055=CARTESIAN_POINT('Origin',(0.,28.5,-5.5));
#5056=CARTESIAN_POINT('Origin',(0.,28.5,-5.5));
#5057=CARTESIAN_POINT('Origin',(0.,28.5,-5.5));
#5058=CARTESIAN_POINT('Origin',(0.,28.5,-5.5));
#5059=CARTESIAN_POINT('Origin',(0.,28.5,-5.5));
#5060=CARTESIAN_POINT('Origin',(0.,28.5,-5.5));
#5061=CARTESIAN_POINT('Origin',(0.,28.5,-5.5));
#5062=CARTESIAN_POINT('Origin',(0.,28.5,-5.5));
#5063=CARTESIAN_POINT('Origin',(0.,28.5,-5.5));
#5064=CARTESIAN_POINT('Origin',(0.,28.5,-5.5));
#5065=CARTESIAN_POINT('Origin',(0.,28.5,-5.5));
#5066=CARTESIAN_POINT('Origin',(0.,28.5,-5.5));
#5067=CARTESIAN_POINT('Origin',(0.,28.5,-5.5));
#5068=CARTESIAN_POINT('Origin',(0.,28.5,-5.5));
#5069=CARTESIAN_POINT('Origin',(0.,28.5,-5.5));
#5070=CARTESIAN_POINT('Origin',(0.,28.5,-5.5));
#5071=CARTESIAN_POINT('Origin',(0.,28.5,-5.5));
#5072=CARTESIAN_POINT('Origin',(0.,28.5,-5.5));
#5073=CARTESIAN_POINT('Origin',(0.,28.5,-5.5));
#5074=CARTESIAN_POINT('Origin',(0.,28.5,-5.5));
#5075=CARTESIAN_POINT('Origin',(0.,28.5,-5.5));
#5076=CARTESIAN_POINT('Origin',(0.,28.5,-5.5));
#5077=CARTESIAN_POINT('Origin',(0.,28.5,-5.5));
#5078=CARTESIAN_POINT('Origin',(0.,28.5,-5.5));
#5079=CARTESIAN_POINT('Origin',(0.,28.5,-5.5));
#5080=CARTESIAN_POINT('Origin',(0.,28.5,-5.5));
#5081=CARTESIAN_POINT('Origin',(0.,28.5,-5.5));
#5082=CARTESIAN_POINT('Origin',(0.,28.5,-5.5));
#5083=CARTESIAN_POINT('Origin',(0.,28.5,-5.5));
#5084=CARTESIAN_POINT('Origin',(0.,28.5,-5.5));
#5085=CARTESIAN_POINT('Origin',(0.,28.5,-5.5));
#5086=CARTESIAN_POINT('Origin',(0.,31.5,-3.));
#5087=CARTESIAN_POINT('Origin',(0.,28.5,-3.));
#5088=CARTESIAN_POINT('Origin',(0.,28.5,-5.5));
#5089=CARTESIAN_POINT('Origin',(0.,28.5,-5.5));
#5090=CARTESIAN_POINT('Origin',(0.,28.5,-5.5));
#5091=CARTESIAN_POINT('Origin',(1.2,4.4,-10.));
#5092=CARTESIAN_POINT('',(1.8,4.4,-15.));
#5093=CARTESIAN_POINT('Origin',(1.2,4.4,-15.));
#5094=CARTESIAN_POINT('',(1.8,4.4,-10.));
#5095=CARTESIAN_POINT('',(1.8,4.4,-10.));
#5096=CARTESIAN_POINT('Origin',(1.2,4.4,-10.));
#5097=CARTESIAN_POINT('Origin',(1.2,4.4,-15.));
#5098=CARTESIAN_POINT('Origin',(1.2,4.4,-10.));
#5099=CARTESIAN_POINT('Origin',(2.77555756156289E-16,4.4,-10.));
#5100=CARTESIAN_POINT('',(0.6,4.4,-15.));
#5101=CARTESIAN_POINT('Origin',(2.77555756156289E-16,4.4,-15.));
#5102=CARTESIAN_POINT('',(0.6,4.4,-10.));
#5103=CARTESIAN_POINT('',(0.6,4.4,-10.));
#5104=CARTESIAN_POINT('Origin',(2.77555756156289E-16,4.4,-10.));
#5105=CARTESIAN_POINT('Origin',(2.77555756156289E-16,4.4,-15.));
#5106=CARTESIAN_POINT('Origin',(2.77555756156289E-16,4.4,-10.));
#5107=CARTESIAN_POINT('Origin',(-1.2,4.4,-10.));
#5108=CARTESIAN_POINT('',(-0.6,4.4,-15.));
#5109=CARTESIAN_POINT('Origin',(-1.2,4.4,-15.));
#5110=CARTESIAN_POINT('',(-0.6,4.4,-10.));
#5111=CARTESIAN_POINT('',(-0.6,4.4,-10.));
#5112=CARTESIAN_POINT('Origin',(-1.2,4.4,-10.));
#5113=CARTESIAN_POINT('Origin',(-1.2,4.4,-15.));
#5114=CARTESIAN_POINT('Origin',(-1.2,4.4,-10.));
#5115=CARTESIAN_POINT('polyline point',(6.,0.,-11.5));
#5116=CARTESIAN_POINT('polyline point',(-6.,0.,-11.5));
#5117=CARTESIAN_POINT('polyline point',(-6.,0.,-11.5));
#5118=CARTESIAN_POINT('polyline point',(-6.,0.,11.5));
#5119=CARTESIAN_POINT('polyline point',(-6.,0.,11.5));
#5120=CARTESIAN_POINT('polyline point',(6.,0.,11.5));
#5121=CARTESIAN_POINT('polyline point',(6.,0.,11.5));
#5122=CARTESIAN_POINT('polyline point',(6.,0.,-11.5));
#5123=CARTESIAN_POINT('polyline point',(-6.,0.,11.5));
#5124=CARTESIAN_POINT('polyline point',(-6.,24.,11.5));
#5125=CARTESIAN_POINT('polyline point',(6.,0.,11.5));
#5126=CARTESIAN_POINT('polyline point',(6.,24.,11.5));
#5127=CARTESIAN_POINT('polyline point',(-6.,17.1,11.5));
#5128=CARTESIAN_POINT('polyline point',(6.,17.1,11.5));
#5129=CARTESIAN_POINT('polyline point',(6.,17.1,11.5));
#5130=CARTESIAN_POINT('polyline point',(6.,19.5,11.5));
#5131=CARTESIAN_POINT('polyline point',(6.,19.5,11.5));
#5132=CARTESIAN_POINT('polyline point',(-6.,19.5,11.5));
#5133=CARTESIAN_POINT('polyline point',(-6.,19.5,11.5));
#5134=CARTESIAN_POINT('polyline point',(-6.,17.1,11.5));
#5135=CARTESIAN_POINT('polyline point',(-6.,24.,11.5));
#5136=CARTESIAN_POINT('polyline point',(6.,24.,11.5));
#5137=CARTESIAN_POINT('',(0.,0.,11.5));
#5138=CARTESIAN_POINT('',(-6.,19.5,11.5));
#5139=CARTESIAN_POINT('',(6.,17.1,11.5));
#5140=CARTESIAN_POINT('polyline point',(-6.,19.5,16.3));
#5141=CARTESIAN_POINT('polyline point',(6.,19.5,16.3));
#5142=CARTESIAN_POINT('polyline point',(0.,19.5,16.3));
#5143=CARTESIAN_POINT('polyline point',(0.,19.5,11.5));
#5144=CARTESIAN_POINT('polyline point',(6.,19.5,11.5));
#5145=CARTESIAN_POINT('polyline point',(-6.,19.5,11.5));
#5146=CARTESIAN_POINT('Origin',(0.,19.5,13.9));
#5147=CARTESIAN_POINT('',(0.749999999999998,19.5,14.9));
#5148=CARTESIAN_POINT('',(-0.75,19.5,14.9));
#5149=CARTESIAN_POINT('polyline point',(0.75,19.5,16.3));
#5150=CARTESIAN_POINT('polyline point',(-0.75,19.5,16.3));
#5151=CARTESIAN_POINT('polyline point',(-0.75,19.5,16.3));
#5152=CARTESIAN_POINT('polyline point',(-0.75,19.5,14.9));
#5153=CARTESIAN_POINT('polyline point',(0.749999999999998,19.5,14.9));
#5154=CARTESIAN_POINT('polyline point',(0.75,19.5,16.3));
#5155=CARTESIAN_POINT('polyline point',(6.,19.5,16.3));
#5156=CARTESIAN_POINT('polyline point',(-6.,19.5,16.3));
#5157=CARTESIAN_POINT('',(0.,19.5,0.));
#5158=CARTESIAN_POINT('',(-0.75,19.5,16.3));
#5159=CARTESIAN_POINT('',(0.75,19.5,16.3));
#5160=CARTESIAN_POINT('Origin',(0.,24.,-5.5));
#5161=CARTESIAN_POINT('Origin',(0.,24.,0.5));
#5162=CARTESIAN_POINT('polyline point',(6.,24.,-11.5));
#5163=CARTESIAN_POINT('polyline point',(-6.,24.,-11.5));
#5164=CARTESIAN_POINT('',(0.,24.,0.));
#5165=CARTESIAN_POINT('',(-2.44514470714698,24.,-0.0208333333333321));
#5166=CARTESIAN_POINT('',(2.44514470714698,24.,-0.0208333333333333));
#5167=CARTESIAN_POINT('Origin',(0.,28.5,-5.5));
#5168=CARTESIAN_POINT('',(3.67394039744206E-16,28.5,-11.5));
#5169=CARTESIAN_POINT('',(-6.,28.5,-5.5));
#5170=CARTESIAN_POINT('Origin',(0.,28.5,-5.5));
#5171=CARTESIAN_POINT('',(0.,28.5,0.));
#5172=CARTESIAN_POINT('Origin',(0.,31.5,-5.5));
#5173=CARTESIAN_POINT('Origin',(0.,31.5,-3.));
#5174=CARTESIAN_POINT('',(0.,31.5,0.));
#5175=CARTESIAN_POINT('',(0.0999799979996015,31.5,-3.002));
#5176=CARTESIAN_POINT('',(-0.0999799979996015,31.5,-3.002));
#5177=CARTESIAN_POINT('Origin',(0.,31.5,-5.5));
#5178=CARTESIAN_POINT('',(2.48288579230845,31.5,-5.20797578464643));
#5179=CARTESIAN_POINT('',(2.498,31.5,-5.4000200020004));
#5180=CARTESIAN_POINT('Origin',(0.,31.5,-5.5));
#5181=CARTESIAN_POINT('',(0.,31.5,0.));
#5182=CARTESIAN_POINT('polyline point',(-6.,0.,-11.5));
#5183=CARTESIAN_POINT('polyline point',(6.,0.,-11.5));
#5184=CARTESIAN_POINT('polyline point',(-6.,0.,-11.5));
#5185=CARTESIAN_POINT('polyline point',(-4.,0.,-11.5));
#5186=CARTESIAN_POINT('polyline point',(-4.,0.,-11.5));
#5187=CARTESIAN_POINT('polyline point',(-4.,0.,-10.5));
#5188=CARTESIAN_POINT('polyline point',(-5.,0.,-9.5));
#5189=CARTESIAN_POINT('polyline point',(-6.,0.,-9.5));
#5190=CARTESIAN_POINT('polyline point',(-6.,0.,-9.5));
#5191=CARTESIAN_POINT('polyline point',(-6.,0.,-11.5));
#5192=CARTESIAN_POINT('Origin',(-5.,0.,-10.5));
#5193=CARTESIAN_POINT('',(-4.,0.,-10.5));
#5194=CARTESIAN_POINT('',(-5.,0.,-9.5));
#5195=CARTESIAN_POINT('polyline point',(-6.,0.,11.5));
#5196=CARTESIAN_POINT('polyline point',(6.,0.,11.5));
#5197=CARTESIAN_POINT('polyline point',(6.,0.,11.5));
#5198=CARTESIAN_POINT('polyline point',(4.,0.,11.5));
#5199=CARTESIAN_POINT('polyline point',(4.,0.,11.5));
#5200=CARTESIAN_POINT('polyline point',(4.,0.,10.5));
#5201=CARTESIAN_POINT('polyline point',(5.,0.,9.5));
#5202=CARTESIAN_POINT('polyline point',(6.,0.,9.5));
#5203=CARTESIAN_POINT('polyline point',(6.,0.,9.5));
#5204=CARTESIAN_POINT('polyline point',(6.,0.,11.5));
#5205=CARTESIAN_POINT('Origin',(5.,0.,10.5));
#5206=CARTESIAN_POINT('',(4.,0.,10.5));
#5207=CARTESIAN_POINT('',(5.,0.,9.5));
#5208=CARTESIAN_POINT('',(0.,0.,0.));
#5209=CARTESIAN_POINT('',(4.,0.,11.5));
#5210=CARTESIAN_POINT('',(-4.,0.,-11.5));
#5211=CARTESIAN_POINT('polyline point',(5.,0.,-11.5));
#5212=CARTESIAN_POINT('polyline point',(-4.,0.,-11.5));
#5213=CARTESIAN_POINT('polyline point',(1.8,0.,-11.5));
#5214=CARTESIAN_POINT('polyline point',(-1.8,0.,-11.5));
#5215=CARTESIAN_POINT('polyline point',(-1.8,0.,-11.5));
#5216=CARTESIAN_POINT('polyline point',(-1.8,0.,-10.));
#5217=CARTESIAN_POINT('polyline point',(-1.8,0.,-10.));
#5218=CARTESIAN_POINT('polyline point',(1.8,0.,-10.));
#5219=CARTESIAN_POINT('polyline point',(1.8,0.,-10.));
#5220=CARTESIAN_POINT('polyline point',(1.8,0.,-11.5));
#5221=CARTESIAN_POINT('Origin',(0.,0.,-13.9));
#5222=CARTESIAN_POINT('',(0.749999999999998,0.,-14.9));
#5223=CARTESIAN_POINT('',(-0.749999999999999,0.,-14.9));
#5224=CARTESIAN_POINT('',(0.,0.,0.));
#5225=CARTESIAN_POINT('',(-1.8,0.,-11.5));
#5226=CARTESIAN_POINT('polyline point',(1.8,5.,-10.));
#5227=CARTESIAN_POINT('polyline point',(-1.8,5.,-10.));
#5228=CARTESIAN_POINT('polyline point',(1.8,5.,-10.));
#5229=CARTESIAN_POINT('polyline point',(1.8,4.4,-10.));
#5230=CARTESIAN_POINT('polyline point',(1.8,0.,-10.));
#5231=CARTESIAN_POINT('polyline point',(1.8,5.,-10.));
#5232=CARTESIAN_POINT('polyline point',(1.8,4.4,-10.));
#5233=CARTESIAN_POINT('polyline point',(1.2,4.4,-10.));
#5234=CARTESIAN_POINT('Origin',(1.2,4.4,-10.));
#5235=CARTESIAN_POINT('',(0.,0.,-10.));
#5236=CARTESIAN_POINT('Origin',(2.77555756156289E-16,4.4,-10.));
#5237=CARTESIAN_POINT('Origin',(1.2,4.4,-10.));
#5238=CARTESIAN_POINT('',(0.,0.,-10.));
#5239=CARTESIAN_POINT('Origin',(2.77555756156289E-16,4.4,-10.));
#5240=CARTESIAN_POINT('polyline point',(2.77555756156289E-16,4.4,-10.));
#5241=CARTESIAN_POINT('polyline point',(-1.2,4.4,-10.));
#5242=CARTESIAN_POINT('Origin',(-1.2,4.4,-10.));
#5243=CARTESIAN_POINT('',(0.,0.,-10.));
#5244=CARTESIAN_POINT('polyline point',(6.,0.,9.5));
#5245=CARTESIAN_POINT('polyline point',(6.,0.,-10.5));
#5246=CARTESIAN_POINT('polyline point',(-6.,0.,-9.5));
#5247=CARTESIAN_POINT('polyline point',(-6.,0.,10.5));
#5248=CARTESIAN_POINT('Origin',(52.0686314761609,73.9643590661035,-54.2126388053835));
#5249=CARTESIAN_POINT('Origin',(-58.3517217098917,-28.846809792672,93.9790083203608));
#5250=CARTESIAN_POINT('',(0.,0.,0.));
#5251=CARTESIAN_POINT('Origin',(9.80776221726431,-9.80776221726431,9.80776221726431));
#5252=CARTESIAN_POINT('Origin',(-13.9055118110236,-10.,16.9875424688562));
#5253=CARTESIAN_POINT('',(0.,0.,0.));
#5254=CARTESIAN_POINT('Origin',(2.61331282407732E-14,0.,117.693146607172));
#5255=CARTESIAN_POINT('Origin',(-13.9055118110236,-10.,117.693146607172));
#5256=CARTESIAN_POINT('',(0.,0.,0.));
#5257=CARTESIAN_POINT('Origin',(0.,117.693146607172,0.));
#5258=CARTESIAN_POINT('Origin',(-13.9055118110236,-10.,117.693146607172));
#5259=CARTESIAN_POINT('',(0.,0.,0.));
#5260=CARTESIAN_POINT('Origin',(117.693146607172,0.,0.));
#5261=CARTESIAN_POINT('Origin',(-13.9055118110236,-10.,117.693146607172));
#5262=CARTESIAN_POINT('',(0.,0.,0.));
#5263=CARTESIAN_POINT('Origin',(0.,0.,0.));
#5264=CARTESIAN_POINT('Origin',(0.,0.,0.));
#5265=CARTESIAN_POINT('Origin',(0.,0.,0.));
#5266=CARTESIAN_POINT('Origin',(0.,0.,0.));
#5267=CARTESIAN_POINT('Origin',(0.,0.,0.));
#5268=CARTESIAN_POINT('Origin',(0.,0.,0.));
#5269=UNCERTAINTY_MEASURE_WITH_UNIT(LENGTH_MEASURE(0.01),#5273,
'DISTANCE_ACCURACY_VALUE',
'Maximum model space distance between geometric entities at asserted c
onnectivities');
#5270=UNCERTAINTY_MEASURE_WITH_UNIT(LENGTH_MEASURE(0.01),#5273,
'DISTANCE_ACCURACY_VALUE',
'Maximum model space distance between geometric entities at asserted c
onnectivities');
#5271=(
GEOMETRIC_REPRESENTATION_CONTEXT(3)
GLOBAL_UNCERTAINTY_ASSIGNED_CONTEXT((#5269))
GLOBAL_UNIT_ASSIGNED_CONTEXT((#5273,#5275,#5276))
REPRESENTATION_CONTEXT('','3D')
);
#5272=(
GEOMETRIC_REPRESENTATION_CONTEXT(3)
GLOBAL_UNCERTAINTY_ASSIGNED_CONTEXT((#5270))
GLOBAL_UNIT_ASSIGNED_CONTEXT((#5273,#5275,#5276))
REPRESENTATION_CONTEXT('','3D')
);
#5273=(
LENGTH_UNIT()
NAMED_UNIT(*)
SI_UNIT(.MILLI.,.METRE.)
);
#5274=(
LENGTH_UNIT()
NAMED_UNIT(*)
SI_UNIT(.CENTI.,.METRE.)
);
#5275=(
NAMED_UNIT(*)
PLANE_ANGLE_UNIT()
SI_UNIT($,.RADIAN.)
);
#5276=(
NAMED_UNIT(*)
SI_UNIT($,.STERADIAN.)
SOLID_ANGLE_UNIT()
);
#5277=SHAPE_DEFINITION_REPRESENTATION(#5278,#5279);
#5278=PRODUCT_DEFINITION_SHAPE('',$,#5281);
#5279=SHAPE_REPRESENTATION('',(#2971,#313,#314,#315,#316,#317),#5271);
#5280=PRODUCT_DEFINITION_CONTEXT('part definition',#5285,'design');
#5281=PRODUCT_DEFINITION('SERVO_SG90','SERVO_SG90',#5282,#5280);
#5282=PRODUCT_DEFINITION_FORMATION('',$,#5287);
#5283=PRODUCT_RELATED_PRODUCT_CATEGORY('SERVO_SG90','SERVO_SG90',(#5287));
#5284=APPLICATION_PROTOCOL_DEFINITION('international standard',
'ap242_managed_model_based_3d_engineering',2011,#5285);
#5285=APPLICATION_CONTEXT('Managed model based 3d engineering');
#5286=PRODUCT_CONTEXT('part definition',#5285,'mechanical');
#5287=PRODUCT('SERVO_SG90','SERVO_SG90',$,(#5286));
#5288=PRESENTATION_STYLE_ASSIGNMENT((#5339));
#5289=PRESENTATION_STYLE_ASSIGNMENT((#5340));
#5290=PRESENTATION_STYLE_ASSIGNMENT((#5341));
#5291=PRESENTATION_STYLE_ASSIGNMENT((#5342));
#5292=PRESENTATION_STYLE_ASSIGNMENT((#5343));
#5293=PRESENTATION_STYLE_ASSIGNMENT((#5344));
#5294=PRESENTATION_STYLE_ASSIGNMENT((#5345));
#5295=PRESENTATION_STYLE_ASSIGNMENT((#5346));
#5296=PRESENTATION_STYLE_ASSIGNMENT((#5347));
#5297=PRESENTATION_STYLE_ASSIGNMENT((NULL_STYLE(.NULL.)));
#5298=PRESENTATION_STYLE_ASSIGNMENT((NULL_STYLE(.NULL.)));
#5299=PRESENTATION_STYLE_ASSIGNMENT((NULL_STYLE(.NULL.)));
#5300=PRESENTATION_STYLE_ASSIGNMENT((NULL_STYLE(.NULL.)));
#5301=PRESENTATION_STYLE_ASSIGNMENT((NULL_STYLE(.NULL.)));
#5302=PRESENTATION_STYLE_ASSIGNMENT((NULL_STYLE(.NULL.)));
#5303=PRESENTATION_STYLE_ASSIGNMENT((NULL_STYLE(.NULL.)));
#5304=PRESENTATION_STYLE_ASSIGNMENT((NULL_STYLE(.NULL.)));
#5305=PRESENTATION_STYLE_ASSIGNMENT((NULL_STYLE(.NULL.)));
#5306=PRESENTATION_STYLE_ASSIGNMENT((NULL_STYLE(.NULL.)));
#5307=PRESENTATION_STYLE_ASSIGNMENT((NULL_STYLE(.NULL.)));
#5308=PRESENTATION_STYLE_ASSIGNMENT((NULL_STYLE(.NULL.)));
#5309=PRESENTATION_STYLE_ASSIGNMENT((NULL_STYLE(.NULL.)));
#5310=PRESENTATION_STYLE_ASSIGNMENT((NULL_STYLE(.NULL.)));
#5311=PRESENTATION_STYLE_ASSIGNMENT((NULL_STYLE(.NULL.)));
#5312=PRESENTATION_STYLE_ASSIGNMENT((NULL_STYLE(.NULL.)));
#5313=PRESENTATION_STYLE_ASSIGNMENT((NULL_STYLE(.NULL.)));
#5314=PRESENTATION_STYLE_ASSIGNMENT((NULL_STYLE(.NULL.)));
#5315=PRESENTATION_STYLE_ASSIGNMENT((NULL_STYLE(.NULL.)));
#5316=PRESENTATION_STYLE_ASSIGNMENT((NULL_STYLE(.NULL.)));
#5317=PRESENTATION_STYLE_ASSIGNMENT((NULL_STYLE(.NULL.)));
#5318=PRESENTATION_STYLE_ASSIGNMENT((NULL_STYLE(.NULL.)));
#5319=PRESENTATION_STYLE_ASSIGNMENT((NULL_STYLE(.NULL.)));
#5320=PRESENTATION_STYLE_ASSIGNMENT((NULL_STYLE(.NULL.)));
#5321=PRESENTATION_STYLE_ASSIGNMENT((NULL_STYLE(.NULL.)));
#5322=PRESENTATION_STYLE_ASSIGNMENT((NULL_STYLE(.NULL.)));
#5323=PRESENTATION_STYLE_ASSIGNMENT((NULL_STYLE(.NULL.)));
#5324=PRESENTATION_STYLE_ASSIGNMENT((NULL_STYLE(.NULL.)));
#5325=PRESENTATION_STYLE_ASSIGNMENT((NULL_STYLE(.NULL.)));
#5326=PRESENTATION_STYLE_ASSIGNMENT((NULL_STYLE(.NULL.)));
#5327=PRESENTATION_STYLE_ASSIGNMENT((NULL_STYLE(.NULL.)));
#5328=PRESENTATION_STYLE_ASSIGNMENT((NULL_STYLE(.NULL.)));
#5329=PRESENTATION_STYLE_ASSIGNMENT((NULL_STYLE(.NULL.)));
#5330=PRESENTATION_STYLE_ASSIGNMENT((NULL_STYLE(.NULL.)));
#5331=PRESENTATION_STYLE_ASSIGNMENT((NULL_STYLE(.NULL.)));
#5332=PRESENTATION_STYLE_ASSIGNMENT((NULL_STYLE(.NULL.)));
#5333=PRESENTATION_STYLE_ASSIGNMENT((NULL_STYLE(.NULL.)));
#5334=PRESENTATION_STYLE_ASSIGNMENT((NULL_STYLE(.NULL.)));
#5335=PRESENTATION_STYLE_ASSIGNMENT((NULL_STYLE(.NULL.)));
#5336=PRESENTATION_STYLE_ASSIGNMENT((NULL_STYLE(.NULL.)));
#5337=PRESENTATION_STYLE_ASSIGNMENT((NULL_STYLE(.NULL.)));
#5338=PRESENTATION_STYLE_ASSIGNMENT((NULL_STYLE(.NULL.)));
#5339=SURFACE_STYLE_USAGE(.BOTH.,#5362);
#5340=SURFACE_STYLE_USAGE(.BOTH.,#5363);
#5341=SURFACE_STYLE_USAGE(.BOTH.,#5364);
#5342=SURFACE_STYLE_USAGE(.BOTH.,#5365);
#5343=SURFACE_STYLE_USAGE(.BOTH.,#5366);
#5344=SURFACE_STYLE_USAGE(.BOTH.,#5367);
#5345=SURFACE_STYLE_USAGE(.BOTH.,#5368);
#5346=SURFACE_STYLE_USAGE(.BOTH.,#5369);
#5347=SURFACE_STYLE_USAGE(.BOTH.,#5370);
#5348=SURFACE_STYLE_RENDERING_WITH_PROPERTIES($,#5398,(#5355));
#5349=SURFACE_STYLE_RENDERING_WITH_PROPERTIES($,#5399,(#5356));
#5350=SURFACE_STYLE_RENDERING_WITH_PROPERTIES($,#5400,(#5357));
#5351=SURFACE_STYLE_RENDERING_WITH_PROPERTIES($,#5401,(#5358));
#5352=SURFACE_STYLE_RENDERING_WITH_PROPERTIES($,#5402,(#5359));
#5353=SURFACE_STYLE_RENDERING_WITH_PROPERTIES($,#5403,(#5360));
#5354=SURFACE_STYLE_RENDERING_WITH_PROPERTIES($,#5404,(#5361));
#5355=SURFACE_STYLE_TRANSPARENT(0.);
#5356=SURFACE_STYLE_TRANSPARENT(0.);
#5357=SURFACE_STYLE_TRANSPARENT(0.);
#5358=SURFACE_STYLE_TRANSPARENT(0.);
#5359=SURFACE_STYLE_TRANSPARENT(0.);
#5360=SURFACE_STYLE_TRANSPARENT(0.);
#5361=SURFACE_STYLE_TRANSPARENT(0.);
#5362=SURFACE_SIDE_STYLE('',(#5371,#5348));
#5363=SURFACE_SIDE_STYLE('',(#5372,#5349));
#5364=SURFACE_SIDE_STYLE('',(#5373,#5350));
#5365=SURFACE_SIDE_STYLE('',(#5374,#5351));
#5366=SURFACE_SIDE_STYLE('',(#5375,#5352));
#5367=SURFACE_SIDE_STYLE('',(#5376,#5353));
#5368=SURFACE_SIDE_STYLE('',(#5377,#5354));
#5369=SURFACE_SIDE_STYLE('',(#5378));
#5370=SURFACE_SIDE_STYLE('',(#5379));
#5371=SURFACE_STYLE_FILL_AREA(#5380);
#5372=SURFACE_STYLE_FILL_AREA(#5381);
#5373=SURFACE_STYLE_FILL_AREA(#5382);
#5374=SURFACE_STYLE_FILL_AREA(#5383);
#5375=SURFACE_STYLE_FILL_AREA(#5384);
#5376=SURFACE_STYLE_FILL_AREA(#5385);
#5377=SURFACE_STYLE_FILL_AREA(#5386);
#5378=SURFACE_STYLE_FILL_AREA(#5387);
#5379=SURFACE_STYLE_FILL_AREA(#5388);
#5380=FILL_AREA_STYLE('',(#5389));
#5381=FILL_AREA_STYLE('',(#5390));
#5382=FILL_AREA_STYLE('',(#5391));
#5383=FILL_AREA_STYLE('',(#5392));
#5384=FILL_AREA_STYLE('',(#5393));
#5385=FILL_AREA_STYLE('',(#5394));
#5386=FILL_AREA_STYLE('',(#5395));
#5387=FILL_AREA_STYLE('',(#5396));
#5388=FILL_AREA_STYLE('',(#5397));
#5389=FILL_AREA_STYLE_COLOUR('',#5398);
#5390=FILL_AREA_STYLE_COLOUR('',#5399);
#5391=FILL_AREA_STYLE_COLOUR('',#5400);
#5392=FILL_AREA_STYLE_COLOUR('',#5401);
#5393=FILL_AREA_STYLE_COLOUR('',#5402);
#5394=FILL_AREA_STYLE_COLOUR('',#5403);
#5395=FILL_AREA_STYLE_COLOUR('',#5404);
#5396=FILL_AREA_STYLE_COLOUR('',#5405);
#5397=FILL_AREA_STYLE_COLOUR('',#5406);
#5398=COLOUR_RGB('',0.109803921568627,0.215686274509804,0.647058823529412);
#5399=COLOUR_RGB('',1.,1.,1.);
#5400=COLOUR_RGB('',1.,1.,1.);
#5401=COLOUR_RGB('',0.917647058823529,0.917647058823529,0.917647058823529);
#5402=COLOUR_RGB('',0.729411764705882,0.309803921568627,0.0274509803921569);
#5403=COLOUR_RGB('',0.690196078431373,0.0666666666666667,0.0666666666666667);
#5404=COLOUR_RGB('',0.466666666666667,0.294117647058824,0.207843137254902);
#5405=COLOUR_RGB('',0.,0.,0.729411764705882);
#5406=COLOUR_RGB('',0.203921568627451,0.529411764705882,0.305882352941176);
ENDSEC;
END-ISO-10303-21;
